age,sex,bmi,children,smoker,region,charges,bmi_category
-1.4404177293803346,0,-0.45315959440232934,-0.9092341626291546,1,3,16884.924,2
-1.5116474702606657,1,0.5094216454409656,-0.07944161966998751,0,2,1725.5523,1
-0.7993500614573563,1,0.38315460035078847,1.5801434662483465,0,2,4449.462,1
-0.44320135705570163,1,-1.3050521908224169,-0.9092341626291546,0,1,21984.47061,0
-0.5144310979360326,1,-0.29245608246937727,-0.9092341626291546,0,1,3866.8552,2
-0.5856608388163635,0,-0.8073632533565909,-0.9092341626291546,0,2,3756.6216,2
0.48278527438860047,0,0.45530719754517474,-0.07944161966998751,0,2,8240.5896,1
-0.15828239353437792,0,-0.47939690247301536,1.5801434662483465,0,1,7281.5056,2
-0.15828239353437792,1,-0.136672065799679,0.7503509232891795,0,0,6406.4107,2
1.4800016467132335,0,-0.7909649358124119,-0.9092341626291546,0,1,28923.13692,2
-1.013039284098349,1,-0.7286513291445327,-0.9092341626291546,0,0,2721.3208,2
1.6224611284738955,0,-0.7171725068636076,-0.9092341626291546,1,2,27808.7251,2
-1.155498765859011,1,0.6127310459692911,-0.9092341626291546,0,3,1826.843,1
1.1950826831919097,0,1.501519856863781,-0.9092341626291546,0,2,11090.7178,1
-0.8705798023376873,1,1.8803209921343111,-0.9092341626291546,1,2,39611.7577,1
-1.4404177293803346,1,-0.9943040733602284,-0.07944161966998751,0,3,1837.237,0
0.9101637196705861,0,0.01911195087001984,-0.07944161966998751,0,0,10797.3362,1
-1.155498765859011,1,-1.1181113708187786,-0.9092341626291546,0,0,2395.17155,0
1.1950826831919097,1,1.5802317810758386,-0.9092341626291546,0,3,10602.385,1
-0.6568905796966944,1,0.7603159038668998,-0.9092341626291546,1,3,36837.467,1
1.4800016467132335,0,0.8759240425533611,-0.9092341626291546,0,0,13228.84695,1
-0.6568905796966944,0,0.2847646950857156,-0.07944161966998751,0,3,4149.736,1
-1.5116474702606657,1,0.5635360933367553,-0.9092341626291546,0,2,1137.011,1
-0.3719716161753707,0,0.20605277087365798,-0.07944161966998751,1,0,37701.8768,1
-0.15828239353437792,1,-0.43266169747210587,0.7503509232891795,0,1,6203.90175,2
1.4087719058329027,0,-0.48267656598185105,1.5801434662483465,0,2,14001.1338,2
1.6936908693542263,0,-1.242738584154537,-0.9092341626291546,0,0,14451.83515,0
1.1238529423115788,0,0.346258385876386,0.7503509232891795,0,1,12268.63225,1
-1.155498765859011,1,-2.177442684172727,-0.07944161966998751,0,1,2775.19215,3
-0.5856608388163635,1,0.9242990793086876,0.7503509232891795,1,3,38711.0,1
-1.2267285067393419,1,0.8095108564994369,-0.9092341626291546,1,3,35585.576,1
-1.5116474702606657,0,-0.7130729274775625,-0.9092341626291546,0,0,2198.18985,2
-1.4404177293803346,0,-0.33837137159307745,3.2397285521666808,0,3,4687.797,2
1.6936908693542263,1,-0.3859264924711963,-0.9092341626291546,0,1,13770.0979,2
-0.7993500614573563,1,0.9406973968528666,-0.07944161966998751,1,3,51194.55914,1
-1.4404177293803346,1,-1.6789338308296924,-0.9092341626291546,0,1,1625.43375,0
1.6224611284738955,0,0.37741518921032646,1.5801434662483465,0,1,15612.19335,1
-0.9418095432180181,1,-1.6174401400390221,-0.9092341626291546,0,3,2302.3,0
-0.30074187529503976,1,0.9849728542221499,-0.07944161966998751,1,0,39774.2763,1
1.4800016467132335,1,1.5146385108991238,-0.9092341626291546,1,3,48173.361,1
-1.08426902497868,0,-0.6663377224766529,-0.9092341626291546,0,0,3046.062,2
-0.5856608388163635,0,0.9784135272044785,0.7503509232891795,0,2,4949.7587,1
0.1266365699869458,1,-1.45673662810607,-0.07944161966998751,0,2,6272.4772,0
-0.15828239353437792,0,0.022391614378855524,0.7503509232891795,0,2,6313.759,1
-0.08705265265404699,1,1.0472864608900285,-0.07944161966998751,0,0,6079.6715,1
1.1238529423115788,1,1.0882822547504754,-0.9092341626291546,0,3,20630.28351,1
-1.5116474702606657,0,1.312119289228516,0.7503509232891795,0,0,3393.35635,1
-0.7993500614573563,0,0.6734048208827533,-0.9092341626291546,0,1,3556.9223,1
1.4800016467132335,0,-1.0057828956411536,-0.9092341626291546,0,2,12629.8967,0
-0.22951213441470886,1,0.743917586322722,-0.07944161966998751,1,2,38709.176,1
-1.5116474702606657,0,0.8136104358854813,-0.9092341626291546,0,0,2211.13075,1
-1.297958247619673,0,0.4864640008791152,0.7503509232891795,0,1,3579.8287,1
0.6252447561492623,1,-0.4367612768581503,-0.07944161966998751,1,3,23568.272,2
-0.22951213441470886,1,0.6176505412325449,-0.9092341626291546,1,2,37742.5757,1
0.055406829106614874,0,-0.32361288580331654,1.5801434662483465,0,1,8059.6791,2
1.3375421649525716,1,1.0317080592230587,0.7503509232891795,1,1,47496.49445,1
1.3375421649525716,0,0.19047436920668775,0.7503509232891795,0,0,13607.36875,1
-1.5116474702606657,1,0.1666968087676286,0.7503509232891795,1,2,34303.1672,1
0.981393460550917,0,-1.276355135120104,-0.07944161966998751,1,2,23244.7902,0
-0.3719716161753707,0,1.0940216658909385,0.7503509232891795,0,1,5989.52365,1
0.2690960517476077,1,-0.5417105091408946,1.5801434662483465,0,0,8606.2174,2
-1.013039284098349,1,0.4913834961423678,2.409936009207514,0,2,4504.6624,1
1.7649206102345572,1,-0.97790575581605,-0.07944161966998751,0,1,30166.61817,0
-0.7993500614573563,0,-0.7753865341454422,-0.07944161966998751,0,1,4133.64165,2
-1.3691879885000038,0,-1.3517873958233257,-0.9092341626291546,1,1,14711.7438,0
-1.4404177293803346,0,-0.2891764189605416,-0.9092341626291546,0,3,1743.214,2
1.5512313875935644,0,1.383451970545694,0.7503509232891795,0,3,14235.072,1
0.055406829106614874,1,-0.7130729274775625,-0.07944161966998751,0,1,6389.37785,2
0.055406829106614874,0,0.906260930010091,-0.9092341626291546,0,2,5920.1041,1
-0.7993500614573563,1,-1.095973642134137,1.5801434662483465,1,2,17663.1442,0
-0.8705798023376873,0,-0.9697065970439606,-0.9092341626291546,1,2,16577.7795,0
-0.5856608388163635,1,-0.3547696891372564,3.2397285521666808,0,0,6799.458,2
0.981393460550917,0,-0.42036295931397133,1.5801434662483465,0,3,11741.726,2
1.3375421649525716,1,0.22081125666341828,-0.07944161966998751,0,2,11946.6259,1
0.3403257926279386,1,-0.5351511821232232,0.7503509232891795,0,3,7726.854,2
1.2663124240722408,1,0.5487776075469938,-0.9092341626291546,0,1,11356.6609,1
-0.7281203205770254,0,-0.1760280279057078,-0.07944161966998751,0,2,3947.4131,2
-1.297958247619673,1,0.7980320342185117,-0.9092341626291546,0,2,1532.4697,1
-1.2267285067393419,0,1.499060109232154,-0.9092341626291546,0,0,2755.02095,1
0.1266365699869458,0,0.37741518921032646,-0.9092341626291546,0,1,6571.02435,1
-0.5856608388163635,1,-0.6196025174757434,-0.07944161966998751,0,0,4441.21315,2
0.41155553350826957,0,1.2498056825606363,-0.9092341626291546,0,0,7935.29115,1
-1.2267285067393419,1,1.1407568708918474,-0.07944161966998751,1,2,37165.1638,1
0.6252447561492623,0,1.7327361342367011,2.409936009207514,0,1,11033.6617,1
-0.15828239353437792,0,0.678324316146006,0.7503509232891795,1,3,39836.519,1
0.41155553350826957,1,-1.2738953874884769,0.7503509232891795,1,1,21098.55405,0
1.2663124240722408,0,0.08142555753789903,-0.9092341626291546,1,1,43578.9394,1
1.1950826831919097,0,-0.5679478172115806,-0.9092341626291546,0,3,11073.176,2
0.48278527438860047,0,-0.47939690247301536,-0.9092341626291546,0,1,8026.6666,2
1.1238529423115788,0,-0.6040241158087738,-0.9092341626291546,0,1,11082.5772,2
-1.297958247619673,0,1.4474054089679913,-0.9092341626291546,0,2,2026.9741,1
0.981393460550917,0,-0.9623273541490798,-0.07944161966998751,0,1,10942.13205,0
1.4087719058329027,1,-0.136672065799679,1.5801434662483465,1,0,30184.9367,2
-0.30074187529503976,1,0.6734048208827533,0.7503509232891795,0,1,5729.0053,1
1.7649206102345572,0,0.1043832020997494,0.7503509232891795,1,3,47291.055,1
-0.7993500614573563,0,1.1407568708918474,-0.07944161966998751,0,2,3766.8838,1
1.052623201431248,0,0.022391614378855524,1.5801434662483465,0,3,12105.32,1
1.1238529423115788,1,1.248985766683428,-0.9092341626291546,0,2,10226.2842,1
1.1950826831919097,1,-1.756825839164542,-0.9092341626291546,1,0,22412.6485,0
-0.08705265265404699,1,-1.8634149032017038,-0.9092341626291546,1,3,15820.699,0
0.1266365699869458,0,0.15357815473228584,-0.9092341626291546,0,3,6186.127,1
-0.6568905796966944,1,-0.8532785424802911,-0.9092341626291546,0,0,3645.0894,2
-1.5116474702606657,0,-0.08993686079876946,-0.9092341626291546,0,0,21344.8467,1
1.5512313875935644,0,-0.12191358000991753,1.5801434662483465,1,2,30942.1918,2
-0.3719716161753707,0,-0.5187528645790442,-0.07944161966998751,0,3,5003.853,2
-1.3691879885000038,1,-0.43266169747210587,-0.07944161966998751,1,1,17560.37975,2
-1.4404177293803346,0,-0.37116800668143546,-0.07944161966998751,0,3,2331.519,2
-0.9418095432180181,1,0.03469035253698949,0.7503509232891795,0,1,3877.30425,1
-0.7281203205770254,1,-0.44660026738465736,-0.9092341626291546,0,2,2867.1196,2
1.6936908693542263,1,0.7258794370241255,-0.9092341626291546,1,2,47055.5321,1
1.052623201431248,1,0.4864640008791152,-0.07944161966998751,0,1,10825.2537,1
1.1238529423115788,0,-0.15798987860711125,0.7503509232891795,0,3,11881.358,2
-0.15828239353437792,1,0.022391614378855524,-0.9092341626291546,0,3,4646.759,1
-1.297958247619673,0,0.829188837552451,-0.9092341626291546,0,1,2404.7338,1
0.9101637196705861,1,0.2527879758745669,1.5801434662483465,0,0,11488.31695,1
1.4800016467132335,1,-0.33919128747028676,-0.9092341626291546,0,0,30259.99556,2
1.3375421649525716,1,3.0167243979459,-0.9092341626291546,0,2,11381.3254,1
-0.7281203205770254,0,-0.44660026738465736,-0.07944161966998751,1,2,19107.7796,2
0.6964744970295933,0,-0.5728673124748339,-0.9092341626291546,0,2,8601.3293,2
-0.15828239353437792,0,-1.1960033791536275,0.7503509232891795,0,1,6686.4313,0
0.3403257926279386,1,1.0554856196621185,0.7503509232891795,0,3,7740.337,1
-1.5116474702606657,1,-1.1336897724857482,-0.9092341626291546,0,0,1705.6245,0
-1.3691879885000038,0,-0.276877680802407,-0.9092341626291546,0,1,2257.47525,2
0.3403257926279386,1,0.11258236087183891,-0.07944161966998751,1,0,39556.4945,1
0.5540150152689314,0,0.5331992058800241,1.5801434662483465,0,1,10115.00885,1
-0.9418095432180181,0,-0.3080344841363469,-0.9092341626291546,0,0,3385.39915,2
-1.4404177293803346,0,-0.3875663242256139,-0.9092341626291546,1,3,17081.08,2
0.9101637196705861,0,1.1046805722946544,-0.9092341626291546,0,3,9634.538,1
-0.5144310979360326,0,-2.115129077504848,0.7503509232891795,1,1,32734.1863,3
-0.08705265265404699,1,0.6619259986018281,0.7503509232891795,0,3,6082.405,1
1.4087719058329027,0,-0.6819161241436231,-0.9092341626291546,0,0,12815.44495,2
1.5512313875935644,0,-1.4141010024912055,-0.9092341626291546,0,0,13616.3586,0
0.981393460550917,0,0.8587058091319727,0.7503509232891795,0,3,11163.568,1
-1.4404177293803346,1,-0.8377001408133214,-0.9092341626291546,0,1,1632.56445,2
-1.3691879885000038,0,-0.3080344841363469,-0.9092341626291546,0,0,2457.21115,2
-1.2267285067393419,0,-0.4285621180860608,-0.9092341626291546,0,2,2155.6815,2
-1.4404177293803346,1,0.5635360933367553,-0.9092341626291546,0,3,1261.442,1
-1.2267285067393419,1,-0.9000137474812007,-0.9092341626291546,0,1,2045.68525,2
1.052623201431248,0,0.2027731073648217,1.5801434662483465,0,2,27322.73386,1
-1.2267285067393419,0,0.8751041266761518,-0.9092341626291546,0,3,2166.732,1
-0.3719716161753707,1,-1.3517873958233257,0.7503509232891795,0,0,27375.90478,0
-0.9418095432180181,1,0.299523180875477,-0.07944161966998751,0,0,3490.5491,1
-0.3719716161753707,1,-0.8795158505509771,0.7503509232891795,1,2,18972.495,2
-0.7281203205770254,1,-0.15225046746664864,0.7503509232891795,0,1,18157.876,2
-0.6568905796966944,1,-0.32361288580331654,1.5801434662483465,1,1,20745.9891,2
-0.7281203205770254,0,1.3391765131764108,1.5801434662483465,0,2,5138.2567,1
0.48278527438860047,1,-0.027623254130889695,1.5801434662483465,1,1,40720.55105,1
0.8389339787902551,0,1.158795020190444,-0.07944161966998751,0,2,9877.6077,1
0.981393460550917,0,1.1096000675579083,-0.07944161966998751,0,1,10959.6947,1
-1.4404177293803346,1,-0.37116800668143546,-0.07944161966998751,0,3,1842.519,2
-0.30074187529503976,1,-1.071376165817869,-0.07944161966998751,0,1,5125.2157,0
0.6252447561492623,1,-0.15798987860711125,-0.9092341626291546,0,2,7789.635,2
-0.5144310979360326,0,1.0628648625569992,1.5801434662483465,0,0,6334.34355,1
0.19786631086727674,0,-1.1960033791536275,-0.9092341626291546,1,0,19964.7463,0
0.055406829106614874,0,-0.8532785424802911,-0.07944161966998751,0,0,7077.1894,2
0.3403257926279386,1,1.4523249042312452,-0.9092341626291546,0,1,6948.7008,1
0.6252447561492623,1,-1.0238210449397502,-0.9092341626291546,1,2,21223.6758,0
-1.5116474702606657,1,-0.9000137474812007,-0.9092341626291546,1,0,15518.18025,2
-0.6568905796966944,1,0.7980320342185117,-0.9092341626291546,1,2,36950.2567,1
0.7677042379099241,0,-0.4646384166832545,1.5801434662483465,0,2,19749.38338,2
0.19786631086727674,0,-0.6663377224766529,-0.9092341626291546,1,1,21348.706,2
-1.5116474702606657,0,1.0144898258016715,-0.9092341626291546,1,2,36149.4835,1
1.052623201431248,1,1.465443558266588,-0.07944161966998751,0,3,10450.552,1
-0.5144310979360326,0,-0.14159156106293222,0.7503509232891795,0,3,5152.134,2
-0.15828239353437792,1,-0.1678288691336183,-0.9092341626291546,0,1,5028.1466,2
0.5540150152689314,1,-0.401504894138166,2.409936009207514,0,0,10407.08585,2
-1.3691879885000038,0,1.0390873021179394,3.2397285521666808,0,3,4830.63,1
-0.5144310979360326,0,0.40857199254426574,1.5801434662483465,0,1,6128.79745,1
-1.4404177293803346,0,0.19047436920668775,-0.07944161966998751,0,1,2719.27975,1
-0.8705798023376873,1,-1.9281882575012097,1.5801434662483465,0,0,4827.90495,0
1.6936908693542263,1,1.7720920963427307,-0.9092341626291546,0,2,13405.3903,1
0.6964744970295933,1,-0.059599973342038357,-0.9092341626291546,0,3,8116.68,1
-1.5116474702606657,1,-2.4111187091772748,-0.9092341626291546,0,0,1694.7964,3
-0.30074187529503976,0,0.678324316146006,-0.07944161966998751,0,3,5246.047,1
-1.08426902497868,0,0.43972879587820507,-0.9092341626291546,0,1,2855.43755,1
1.6936908693542263,0,1.1538755249271915,-0.9092341626291546,1,3,48824.45,1
-0.08705265265404699,1,-0.46381850080604514,0.7503509232891795,0,1,6455.86265,2
1.052623201431248,1,-0.23998146632800513,-0.07944161966998751,0,3,10436.096,2
0.48278527438860047,0,-0.2891764189605416,0.7503509232891795,0,3,8823.279,2
0.1266365699869458,0,0.40857199254426574,1.5801434662483465,0,0,8538.28845,1
1.3375421649525716,1,-0.33919128747028676,-0.9092341626291546,0,1,11735.87905,2
-1.5116474702606657,0,1.248985766683428,-0.9092341626291546,0,2,1631.8212,1
-1.2267285067393419,1,-1.756825839164542,1.5801434662483465,0,0,4005.4225,0
0.3403257926279386,0,-0.6974945258105928,-0.9092341626291546,0,1,7419.4779,2
0.3403257926279386,1,0.004353465080258964,0.7503509232891795,0,2,7731.4271,1
-0.22951213441470886,1,1.8417849459054911,1.5801434662483465,1,0,43753.33705,1
-0.9418095432180181,0,-0.12191358000991753,0.7503509232891795,0,2,3981.9768,2
-0.6568905796966944,0,0.03878993192303395,1.5801434662483465,0,3,5325.651,1
0.1266365699869458,0,0.2519680599973587,-0.07944161966998751,0,3,6775.961,1
-0.7281203205770254,0,0.23720957420759728,0.7503509232891795,0,1,4922.9159,1
1.5512313875935644,1,0.14865865946903203,-0.9092341626291546,0,2,12557.6053,1
-0.22951213441470886,0,-0.7319309926533684,-0.9092341626291546,0,3,4883.866,2
-1.013039284098349,1,-0.8073632533565909,-0.9092341626291546,0,2,2137.6536,2
1.1950826831919097,0,-0.6663377224766529,-0.07944161966998751,0,1,12044.342,2
-1.5116474702606657,1,0.6176505412325449,-0.9092341626291546,0,2,1137.4697,1
-1.4404177293803346,1,-0.012044852463920045,-0.9092341626291546,0,1,1639.5631,1
-0.015822911773716055,0,0.35035796526243046,-0.9092341626291546,0,3,5649.715,1
0.41155553350826957,0,-0.33837137159307745,0.7503509232891795,0,2,8516.829,2
0.8389339787902551,0,-2.0683938725039384,-0.9092341626291546,0,1,9644.2525,3
1.7649206102345572,0,1.4211681008973047,-0.9092341626291546,0,0,14901.5167,1
-1.4404177293803346,0,0.23720957420759728,-0.9092341626291546,0,1,2130.6759,1
0.6252447561492623,0,0.2568875552606114,-0.07944161966998751,0,2,8871.1517,1
1.4800016467132335,0,-1.0869545674848387,-0.9092341626291546,0,1,13012.20865,0
-0.8705798023376873,0,0.8882227807114945,-0.9092341626291546,1,2,37133.8982,1
0.48278527438860047,1,-1.3714653768763405,-0.9092341626291546,0,3,7147.105,0
-0.7993500614573563,0,-0.29245608246937727,-0.07944161966998751,0,0,4337.7352,2
1.4087719058329027,1,-0.699134357565011,-0.9092341626291546,0,2,11743.299,2
-0.30074187529503976,1,-0.47939690247301536,0.7503509232891795,1,0,20984.0936,2
1.6936908693542263,0,0.1863747898206433,-0.9092341626291546,0,3,13880.949,1
0.055406829106614874,1,1.7327361342367011,-0.07944161966998751,0,0,6610.1097,1
-1.3691879885000038,1,0.38315460035078847,-0.07944161966998751,0,3,1980.07,1
0.055406829106614874,1,0.03469035253698949,2.409936009207514,0,1,8162.71625,1
-1.08426902497868,1,-0.3547696891372564,0.7503509232891795,0,1,3537.703,2
-0.3719716161753707,0,-0.6450199096692207,-0.07944161966998751,0,2,5002.7827,2
0.41155553350826957,0,0.03878993192303395,0.7503509232891795,0,3,8520.026,1
0.1266365699869458,0,1.0554856196621185,0.7503509232891795,0,3,7371.772,1
0.981393460550917,0,-0.6663377224766529,-0.9092341626291546,0,1,10355.641,2
-0.8705798023376873,1,-1.24027883652291,-0.9092341626291546,0,2,2483.736,0
-0.9418095432180181,0,-0.12191358000991753,-0.07944161966998751,0,2,3392.9768,2
-1.08426902497868,0,-1.2222406872243134,-0.9092341626291546,0,2,25081.76784,0
-0.3719716161753707,0,0.49794282316004035,-0.07944161966998751,0,3,5012.471,1
0.981393460550917,0,0.4241503942112354,-0.9092341626291546,0,0,10564.8845,1
-0.5144310979360326,1,0.022391614378855524,1.5801434662483465,0,3,5253.524,1
-1.4404177293803346,1,0.678324316146006,-0.9092341626291546,1,3,34779.615,1
0.19786631086727674,1,-0.987744746342557,-0.9092341626291546,1,2,19515.5416,0
1.1238529423115788,1,0.5274597947395622,1.5801434662483465,0,2,11987.1682,1
-0.7993500614573563,1,1.212909468086235,-0.9092341626291546,0,2,2689.4954,1
1.3375421649525716,0,1.8442446935371168,-0.9092341626291546,0,2,24227.33724,1
0.1266365699869458,0,0.15931756587274845,-0.07944161966998751,0,0,7358.17565,1
0.5540150152689314,1,-0.8532785424802911,0.7503509232891795,0,0,9225.2564,2
0.19786631086727674,0,0.9070808458873004,-0.07944161966998751,0,1,7443.64305,1
1.4087719058329027,0,-0.4646384166832545,1.5801434662483465,0,2,14001.2867,2
-1.4404177293803346,0,-2.109389666364385,-0.9092341626291546,0,3,1727.785,3
1.4087719058329027,1,-0.5187528645790442,-0.07944161966998751,0,3,12333.828,2
-0.015822911773716055,1,-1.0090625591499893,0.7503509232891795,0,1,6710.1919,0
0.055406829106614874,0,-1.3845840309116837,0.7503509232891795,1,2,19444.2658,0
-1.5116474702606657,0,-0.6450199096692207,-0.9092341626291546,0,2,1615.7667,2
-0.5856608388163635,1,1.2670239159820247,0.7503509232891795,0,2,4463.2051,1
-1.4404177293803346,1,-0.2612992791354374,-0.9092341626291546,1,1,17352.6803,2
0.3403257926279386,1,1.212909468086235,-0.07944161966998751,0,2,7152.6714,1
-1.155498765859011,0,0.9849728542221499,0.7503509232891795,1,0,38511.6283,1
-0.44320135705570163,0,-1.3985226008242353,-0.07944161966998751,0,0,5354.07465,0
1.1238529423115788,0,-0.6335410873882955,-0.07944161966998751,0,3,35160.13457,2
0.055406829106614874,1,0.7603159038668998,1.5801434662483465,0,3,7196.867,1
1.6936908693542263,0,-0.47939690247301536,-0.9092341626291546,1,0,29523.1656,2
1.052623201431248,1,-0.10551526246573911,-0.9092341626291546,0,1,24476.47851,1
1.4800016467132335,0,1.212909468086235,-0.9092341626291546,0,2,12648.7034,1
-1.08426902497868,1,0.8521464821143013,-0.9092341626291546,0,2,1986.9334,1
-1.4404177293803346,1,-1.6010418224948437,-0.07944161966998751,0,3,1832.094,0
-0.7281203205770254,1,-0.276877680802407,-0.07944161966998751,0,0,4040.55825,2
-1.5116474702606657,1,-2.1930210858396975,0.7503509232891795,1,0,12829.4551,3
1.6936908693542263,0,0.2519680599973587,0.7503509232891795,1,3,47305.305,1
1.052623201431248,1,0.5815742426353518,0.7503509232891795,1,2,44260.7499,1
-0.8705798023376873,1,-0.059599973342038357,1.5801434662483465,0,3,4260.744,1
0.7677042379099241,1,0.19047436920668775,-0.9092341626291546,1,0,41097.16175,1
1.1238529423115788,0,-0.8688569441472613,1.5801434662483465,0,0,13047.33235,2
1.1950826831919097,1,0.4864640008791152,-0.9092341626291546,1,1,43921.1837,1
-0.08705265265404699,0,1.5556343047595707,-0.9092341626291546,0,2,5400.9805,1
0.8389339787902551,1,-1.0246409608169595,2.409936009207514,0,1,11520.09985,0
-1.4404177293803346,1,0.20605277087365798,-0.9092341626291546,1,1,33750.2918,1
1.3375421649525716,0,-0.8959141680951561,-0.9092341626291546,0,3,11837.16,2
-1.3691879885000038,0,-0.6269817603706241,-0.07944161966998751,1,2,17085.2676,2
0.9101637196705861,1,-1.0402193624839293,1.5801434662483465,1,0,24869.8368,0
-1.4404177293803346,1,1.0317080592230587,-0.9092341626291546,1,1,36219.40545,1
0.981393460550917,0,1.212909468086235,1.5801434662483465,0,2,20462.99766,1
0.48278527438860047,1,1.9163972907315043,1.5801434662483465,1,2,46151.1245,1
0.055406829106614874,1,-1.78142331548081,-0.07944161966998751,1,2,17179.522,0
1.4087719058329027,0,0.2839447792085074,1.5801434662483465,0,0,14590.63205,1
0.41155553350826957,1,-0.07599829088621736,-0.07944161966998751,0,3,7441.053,1
0.6964744970295933,1,-0.7909649358124119,-0.07944161966998751,0,0,9282.4806,2
-1.5116474702606657,1,-0.21210432650290093,-0.07944161966998751,0,2,1719.4363,2
0.7677042379099241,1,0.5799344108809342,0.7503509232891795,1,3,42856.838,1
0.1266365699869458,1,1.0472864608900285,0.7503509232891795,0,1,7265.7025,1
0.7677042379099241,1,-0.5261321074739249,-0.07944161966998751,0,0,9617.66245,2
-1.013039284098349,1,-0.5105537058069547,-0.9092341626291546,0,1,2523.1695,2
0.5540150152689314,0,-0.6663377224766529,0.7503509232891795,0,0,9715.841,2
-1.4404177293803346,1,-1.647777027495753,0.7503509232891795,0,1,2803.69785,0
-1.2267285067393419,0,-1.043499025992765,-0.9092341626291546,0,3,2150.469,0
1.4087719058329027,1,0.18473495806622514,0.7503509232891795,0,2,12928.7911,1
0.8389339787902551,0,-1.4928129267032637,-0.07944161966998751,0,2,9855.1314,0
0.055406829106614874,0,-0.41708329580513565,-0.07944161966998751,1,0,22331.5668,2
1.052623201431248,1,1.6236873225679125,1.5801434662483465,1,0,48549.17835,1
-0.6568905796966944,1,-0.49497530413998503,-0.07944161966998751,0,0,4237.12655,2
1.1238529423115788,0,0.2839447792085074,-0.07944161966998751,0,0,11879.10405,1
0.9101637196705861,0,0.0879848845555704,-0.9092341626291546,0,3,9625.92,1
0.48278527438860047,1,-0.6630580589678172,-0.07944161966998751,0,2,7742.1098,2
0.48278527438860047,0,2.85438105425853,0.7503509232891795,0,0,9432.9253,1
1.6936908693542263,0,-0.7286513291445327,-0.9092341626291546,0,1,14256.1928,2
1.4087719058329027,0,1.0005512558891194,-0.07944161966998751,1,0,47896.79135,1
0.9101637196705861,1,-0.699134357565011,1.5801434662483465,0,2,25992.82104,2
-0.7993500614573563,0,0.44874787052750337,-0.9092341626291546,0,3,3172.018,1
-0.7281203205770254,1,-0.1678288691336183,-0.07944161966998751,0,0,20277.80751,2
-1.013039284098349,1,2.439503620390807,0.7503509232891795,1,2,42112.2356,1
-1.2267285067393419,0,-0.3022950729958843,-0.9092341626291546,0,2,2156.7518,2
-1.013039284098349,1,-0.6335410873882955,1.5801434662483465,0,3,3906.127,2
-1.5116474702606657,1,-1.2583169858215073,-0.9092341626291546,0,0,1704.5681,0
-1.4404177293803346,1,-0.48595622949068673,-0.9092341626291546,1,3,16297.846,2
0.5540150152689314,1,-0.8614777012523805,-0.07944161966998751,1,2,21978.6769,2
-0.5856608388163635,1,0.6110912142148736,1.5801434662483465,1,1,38746.3551,1
0.6252447561492623,0,-0.29245608246937727,-0.07944161966998751,0,1,9249.4952,2
-0.22951213441470886,1,-0.5105537058069547,1.5801434662483465,0,0,6746.7425,2
0.981393460550917,0,-1.3206305924893864,1.5801434662483465,1,0,24873.3849,0
1.1950826831919097,0,1.122718721593251,0.7503509232891795,0,2,12265.5069,1
-0.7993500614573563,0,0.38315460035078847,0.7503509232891795,0,2,4349.462,1
1.2663124240722408,0,1.2030704775597272,0.7503509232891795,0,3,12646.207,1
-0.7281203205770254,1,0.43972879587820507,0.7503509232891795,0,1,19442.3535,1
-0.7993500614573563,0,-0.5187528645790442,0.7503509232891795,0,3,20177.67113,2
-0.6568905796966944,0,0.43726904824657814,-0.07944161966998751,0,2,4151.0287,1
1.3375421649525716,1,0.688983222549723,-0.9092341626291546,0,0,11944.59435,1
0.1266365699869458,0,0.39299359087729613,0.7503509232891795,0,1,7749.1564,1
0.7677042379099241,1,-0.6663377224766529,-0.9092341626291546,0,3,8444.474,2
-1.4404177293803346,0,-0.97790575581605,-0.9092341626291546,0,3,1737.376,0
0.2690960517476077,1,0.8701846314128979,1.5801434662483465,1,2,42124.5153,1
0.6964744970295933,1,0.8521464821143013,-0.9092341626291546,0,2,8124.4084,1
-0.8705798023376873,0,0.12078151964392783,-0.9092341626291546,1,3,34838.873,1
0.9101637196705861,1,0.4241503942112354,-0.9092341626291546,0,0,9722.7695,1
0.7677042379099241,1,0.2527879758745669,-0.9092341626291546,0,1,8835.26495,1
1.052623201431248,1,0.346258385876386,-0.9092341626291546,0,0,10435.06525,1
0.3403257926279386,0,-0.49497530413998503,-0.9092341626291546,0,1,7421.19455,2
-0.5144310979360326,1,1.0940216658909385,-0.07944161966998751,0,0,4667.60765,1
-0.3719716161753707,1,-0.884435345814231,-0.07944161966998751,0,1,4894.7533,2
-0.9418095432180181,0,-0.1678288691336183,2.409936009207514,0,0,24671.66334,2
-0.3719716161753707,1,0.022391614378855524,-0.9092341626291546,1,3,35491.64,1
1.2663124240722408,1,1.6860009292357923,-0.9092341626291546,0,0,11566.30055,1
-0.7281203205770254,1,-0.5679478172115806,-0.9092341626291546,0,3,2866.091,2
0.055406829106614874,1,0.5643560092139634,-0.07944161966998751,0,0,6600.20595,1
-0.8705798023376873,0,-1.2222406872243134,-0.07944161966998751,0,2,3561.8889,0
0.41155553350826957,1,0.9538160508882093,0.7503509232891795,1,1,42760.5022,1
1.7649206102345572,0,0.5143411407042182,-0.07944161966998751,1,3,47928.03,1
0.9101637196705861,1,0.9898923494854036,-0.9092341626291546,0,3,9144.565,1
1.5512313875935644,0,0.9382376492212398,-0.07944161966998751,1,0,48517.56315,1
0.9101637196705861,1,-0.5417105091408946,-0.9092341626291546,1,1,24393.6224,2
1.5512313875935644,0,0.08142555753789903,-0.9092341626291546,0,1,13429.0354,1
1.1950826831919097,0,-0.3080344841363469,-0.9092341626291546,0,0,11658.37915,2
0.2690960517476077,0,0.829188837552451,0.7503509232891795,0,0,19144.57652,1
1.7649206102345572,1,0.6291293635134702,-0.9092341626291546,0,3,13822.803,1
1.4800016467132335,1,-0.8073632533565909,-0.9092341626291546,0,2,12142.5786,2
1.6224611284738955,1,-0.5105537058069547,-0.07944161966998751,0,1,13937.6665,2
0.7677042379099241,1,0.2683663775415366,-0.07944161966998751,1,0,41919.097,1
0.48278527438860047,0,-0.48267656598185105,-0.07944161966998751,0,2,8232.6388,2
-1.08426902497868,0,-0.5023545470348652,-0.9092341626291546,0,3,18955.22017,2
1.6224611284738955,1,-0.10551526246573911,-0.9092341626291546,0,1,13352.0998,1
1.4800016467132335,0,-0.5105537058069547,-0.9092341626291546,0,0,13217.0945,2
1.6936908693542263,1,1.0005512558891194,-0.9092341626291546,0,0,13981.85035,1
0.6964744970295933,0,1.7720920963427307,2.409936009207514,0,2,10977.2063,1
-0.3719716161753707,0,-0.2301424758014975,1.5801434662483465,0,2,6184.2994,2
-0.44320135705570163,1,0.8341083328157048,0.7503509232891795,0,2,4889.9995,1
0.48278527438860047,1,0.43972879587820507,-0.07944161966998751,0,0,8334.45755,1
-0.22951213441470886,0,-0.12191358000991753,-0.07944161966998751,0,2,5478.0368,2
-1.4404177293803346,1,-0.46381850080604514,-0.9092341626291546,0,1,1635.73365,2
1.2663124240722408,0,-1.2271601824875673,-0.9092341626291546,0,1,11830.6072,0
0.7677042379099241,0,-0.8303208979184407,-0.9092341626291546,0,3,8932.084,2
-0.6568905796966944,0,-0.48595622949068673,-0.9092341626291546,0,3,3554.203,2
-0.44320135705570163,1,0.7512968292176015,-0.9092341626291546,0,0,12404.8791,1
-1.5116474702606657,0,1.248985766683428,-0.9092341626291546,0,2,14133.03775,1
0.48278527438860047,1,-0.5023545470348652,-0.9092341626291546,0,3,24603.04837,2
0.48278527438860047,1,2.1689313809118573,1.5801434662483465,0,2,8944.1151,1
0.5540150152689314,1,-0.136672065799679,1.5801434662483465,0,1,9620.3307,2
-1.155498765859011,1,1.8442446935371168,-0.9092341626291546,0,2,1837.2819,1
-1.5116474702606657,0,-1.61907997179344,-0.9092341626291546,0,2,1607.5101,0
0.6252447561492623,0,0.2683663775415366,0.7503509232891795,0,0,10043.249,1
-0.30074187529503976,1,-0.02680333825368092,-0.07944161966998751,0,3,4751.07,1
-1.4404177293803346,0,-1.4698552821414133,-0.9092341626291546,1,3,13844.506,0
-1.297958247619673,0,-0.699134357565011,-0.07944161966998751,0,3,2597.779,2
-1.297958247619673,0,-1.4386984788074735,0.7503509232891795,0,2,3180.5101,0
0.6964744970295933,0,0.01911195087001984,-0.07944161966998751,0,0,9778.3472,1
1.1950826831919097,0,0.2683663775415366,1.5801434662483465,0,0,13430.265,1
0.19786631086727674,0,-0.9311705508151404,0.7503509232891795,0,1,8017.06115,0
0.3403257926279386,1,0.2216311725406276,0.7503509232891795,0,1,8116.26885,1
-1.5116474702606657,1,-0.04320165579785993,1.5801434662483465,0,0,3481.868,1
1.5512313875935644,0,-1.5698850191609037,-0.9092341626291546,0,1,13415.0381,0
1.2663124240722408,0,-1.3829441991572655,-0.9092341626291546,0,0,12029.2867,0
0.19786631086727674,0,0.40857199254426574,-0.07944161966998751,0,0,7639.41745,1
-0.9418095432180181,1,0.3667562828066095,0.7503509232891795,1,3,36085.219,1
-1.3691879885000038,1,0.43726904824657814,-0.9092341626291546,0,2,1391.5287,1
-1.155498765859011,0,-0.3859264924711963,-0.9092341626291546,1,1,18033.9679,2
-0.015822911773716055,0,-0.9467489524821101,1.5801434662483465,1,0,21659.9301,0
-1.08426902497868,1,1.5556343047595707,-0.9092341626291546,1,2,38126.2465,1
1.7649206102345572,0,-0.08993686079876946,1.5801434662483465,0,1,16455.70785,1
1.6224611284738955,1,0.13062051017043547,-0.07944161966998751,0,2,27000.98473,1
-0.8705798023376873,0,-2.083972274170909,0.7503509232891795,1,0,15006.57945,3
1.1238529423115788,1,0.0035335492030496058,-0.9092341626291546,1,0,42303.69215,1
1.1238529423115788,1,0.38315460035078847,-0.9092341626291546,0,2,20781.48892,1
-0.30074187529503976,0,2.0787406344188746,0.7503509232891795,0,2,5846.9176,1
0.3403257926279386,1,-1.3985226008242353,0.7503509232891795,0,0,8302.53565,0
-1.4404177293803346,1,0.6127310459692911,-0.9092341626291546,0,3,1261.859,1
1.3375421649525716,0,1.375252811773604,-0.9092341626291546,0,2,11856.4115,1
0.7677042379099241,1,-0.8688569441472613,0.7503509232891795,0,1,30284.64294,2
-0.9418095432180181,0,-1.3206305924893864,-0.9092341626291546,0,1,3176.8159,0
-1.08426902497868,0,-0.07435845913179923,1.5801434662483465,0,1,4618.0799,1
0.6252447561492623,1,0.8136104358854813,2.409936009207514,0,0,10736.87075,1
-1.4404177293803346,0,1.1096000675579083,-0.9092341626291546,0,1,2138.0707,1
0.6252447561492623,1,0.12816076253880856,-0.07944161966998751,0,0,8964.06055,1
0.6964744970295933,1,0.11258236087183891,-0.07944161966998751,0,0,9290.1395,1
0.48278527438860047,0,0.2683663775415366,0.7503509232891795,0,0,9411.005,1
0.48278527438860047,1,-1.7724042408315115,-0.9092341626291546,0,1,7526.70645,0
0.2690960517476077,0,0.6127310459692911,1.5801434662483465,0,3,8522.003,1
-1.297958247619673,1,0.05846791297604864,-0.9092341626291546,0,2,16586.49771,1
1.7649206102345572,1,-0.8303208979184407,0.7503509232891795,0,3,14988.432,2
-1.5116474702606657,0,1.2309476173848315,-0.9092341626291546,0,2,1631.6683,1
0.8389339787902551,0,-1.6502367751273794,-0.9092341626291546,0,3,9264.797,0
0.5540150152689314,1,2.7641903077655474,-0.07944161966998751,0,2,8083.9198,1
1.7649206102345572,0,0.37741518921032646,-0.9092341626291546,0,1,14692.66935,1
0.6964744970295933,1,0.2683663775415366,1.5801434662483465,0,1,10269.46,1
-0.5856608388163635,1,-1.6830334102157376,-0.9092341626291546,0,3,3260.199,0
0.9101637196705861,0,1.265384084227607,0.7503509232891795,0,0,11396.9002,1
-0.44320135705570163,0,-1.0418591942383473,-0.9092341626291546,0,2,4185.0979,0
0.5540150152689314,0,-1.1582872488020162,-0.07944161966998751,0,3,8539.671,0
-0.08705265265404699,1,-1.5649655238976499,1.5801434662483465,0,2,6652.5288,0
-0.5144310979360326,1,-0.10387543071132098,-0.07944161966998751,0,2,4074.4537,1
-1.4404177293803346,1,-2.1618642825057575,-0.9092341626291546,0,1,1621.3402,3
0.3403257926279386,0,-1.7100906341636324,-0.07944161966998751,1,0,19594.80965,0
-0.9418095432180181,0,-2.208599487506667,0.7503509232891795,1,0,14455.64405,3
-1.013039284098349,1,-1.1090922961694802,3.2397285521666808,0,3,5080.096,0
-1.4404177293803346,0,0.7357184275506319,-0.9092341626291546,0,1,2134.9015,1
0.2690960517476077,0,0.8160701835171082,-0.07944161966998751,0,2,7345.7266,1
0.9101637196705861,1,0.5635360933367553,-0.9092341626291546,0,2,9140.951,1
-0.22951213441470886,0,-1.322270424243804,0.7503509232891795,1,3,18608.262,0
1.7649206102345572,1,1.3932909610722004,-0.07944161966998751,0,2,14418.2804,1
1.6936908693542263,0,-0.6040241158087738,-0.9092341626291546,1,1,28950.4692,2
1.7649206102345572,1,0.5274597947395622,-0.9092341626291546,1,2,46889.2612,1
1.5512313875935644,1,0.8521464821143013,-0.9092341626291546,1,2,46599.1084,1
0.055406829106614874,1,0.346258385876386,-0.07944161966998751,1,0,39125.33225,1
-1.013039284098349,1,-0.012044852463920045,-0.9092341626291546,0,0,2727.3951,1
0.6252447561492623,1,-0.07599829088621736,0.7503509232891795,0,3,8968.33,1
0.41155553350826957,1,-1.0418591942383473,3.2397285521666808,0,2,9788.8659,0
-0.08705265265404699,0,-0.5572889108078642,-0.07944161966998751,0,0,6555.07035,2
-1.5116474702606657,0,-0.2457208774684677,-0.9092341626291546,0,0,7323.734819,2
-1.297958247619673,0,-2.270913094174546,-0.07944161966998751,0,0,3167.45585,3
-0.8705798023376873,0,-0.04320165579785993,1.5801434662483465,0,1,18804.7524,1
-1.4404177293803346,1,0.3995529178949675,-0.9092341626291546,0,3,23082.95533,1
-0.7281203205770254,0,-1.7100906341636324,0.7503509232891795,0,1,4906.40965,0
0.19786631086727674,1,-0.6171427698441171,-0.9092341626291546,0,3,5969.723,2
1.4800016467132335,0,-0.02680333825368092,-0.9092341626291546,0,3,12638.195,1
-0.5856608388163635,1,-0.33919128747028676,-0.07944161966998751,0,1,4243.59005,2
1.4800016467132335,1,0.40119274964938506,1.5801434662483465,0,2,13919.8229,1
-1.2267285067393419,1,0.1748959675397181,-0.9092341626291546,0,0,2254.7967,1
-0.30074187529503976,1,-0.2891764189605416,1.5801434662483465,0,3,5926.846,2
0.9101637196705861,0,2.63792326267537,3.2397285521666808,0,2,12592.5345,1
-0.9418095432180181,1,-0.1989856724675582,-0.9092341626291546,0,0,2897.3235,2
-0.5856608388163635,0,0.33067998420941636,-0.07944161966998751,0,1,4738.2682,1
-0.44320135705570163,0,0.46514618807168234,-0.9092341626291546,1,3,37079.372,1
-1.5116474702606657,1,2.0246261865230837,-0.9092341626291546,0,2,1149.3959,1
1.4087719058329027,0,0.9603753779058819,-0.07944161966998751,0,2,28287.89766,1
1.1950826831919097,1,-0.6507593208096832,-0.07944161966998751,1,1,26109.32905,2
0.41155553350826957,0,0.3995529178949675,-0.9092341626291546,0,3,7345.084,1
1.4800016467132335,1,-0.1678288691336183,-0.9092341626291546,0,0,12730.9996,2
1.1950826831919097,0,-0.8221217391463518,-0.9092341626291546,0,1,11454.0215,2
0.055406829106614874,0,-0.17438819615128967,-0.9092341626291546,0,3,5910.944,2
-0.30074187529503976,1,1.3014603828248001,-0.07944161966998751,0,3,4762.329,1
-0.015822911773716055,1,-0.17438819615128967,2.409936009207514,0,3,7512.267,2
-0.6568905796966944,1,-1.071376165817869,-0.07944161966998751,0,1,4032.2407,0
-1.08426902497868,1,-1.1910838838903743,-0.9092341626291546,0,3,1969.614,0
-1.3691879885000038,1,-0.15225046746664864,-0.9092341626291546,0,1,1769.53165,2
-0.5144310979360326,1,2.601846964078177,0.7503509232891795,0,2,4686.3887,1
1.4087719058329027,1,1.1046805722946544,-0.9092341626291546,0,3,21797.0004,1
1.1238529423115788,0,-0.08583728141272443,0.7503509232891795,0,2,11881.9696,1
1.2663124240722408,0,-0.027623254130889695,-0.9092341626291546,0,1,11840.77505,1
1.1950826831919097,1,1.465443558266588,-0.9092341626291546,0,3,10601.412,1
0.055406829106614874,0,0.38315460035078847,1.5801434662483465,0,2,7682.67,1
0.6964744970295933,0,0.9784135272044785,1.5801434662483465,0,2,10381.4787,1
0.19786631086727674,1,-0.1087949259745748,-0.9092341626291546,1,3,22144.032,2
1.6224611284738955,0,1.218648879226697,0.7503509232891795,0,0,15230.32405,1
1.1950826831919097,1,-0.7753865341454422,-0.9092341626291546,0,0,11165.41765,2
-1.4404177293803346,1,-0.9000137474812007,-0.9092341626291546,0,1,1632.03625,2
-0.6568905796966944,0,-0.37444767019027114,-0.07944161966998751,1,2,19521.9682,2
1.4800016467132335,0,-0.321973054048899,-0.07944161966998751,0,3,13224.693,2
1.1950826831919097,0,0.5176208042130545,0.7503509232891795,0,1,12643.3778,1
-0.7993500614573563,0,-1.0402193624839293,-0.07944161966998751,0,0,23288.9284,0
-1.5116474702606657,0,-1.0779354928355405,-0.07944161966998751,0,2,2201.0971,0
-0.8705798023376873,1,0.3290401524549988,-0.9092341626291546,0,2,2497.0383,1
-1.5116474702606657,0,-0.08993686079876946,-0.9092341626291546,0,0,2203.47185,1
-1.4404177293803346,0,-0.14159156106293222,-0.9092341626291546,0,3,1744.465,2
0.5540150152689314,0,0.43972879587820507,-0.9092341626291546,0,0,20878.78443,1
1.052623201431248,1,-0.9123124856393345,1.5801434662483465,1,3,25382.297,2
1.5512313875935644,1,-0.3859264924711963,-0.07944161966998751,1,1,28868.6639,2
-1.08426902497868,1,-0.3547696891372564,-0.9092341626291546,1,0,35147.52848,2
-1.013039284098349,1,0.8136104358854813,-0.9092341626291546,0,1,2534.39375,1
-1.297958247619673,1,1.0144898258016715,-0.9092341626291546,0,2,1534.3045,1
-1.155498765859011,1,0.31100200315640225,-0.9092341626291546,0,2,1824.2854,1
1.6936908693542263,1,1.748314535903672,1.5801434662483465,0,1,15555.18875,1
0.6964744970295933,1,1.122718721593251,0.7503509232891795,0,2,9304.7019,1
-1.5116474702606657,0,0.11258236087183891,-0.9092341626291546,0,2,1622.1885,1
0.8389339787902551,0,1.4490452407224088,-0.07944161966998751,0,3,9880.068,1
0.6252447561492623,1,0.5963327284251121,1.5801434662483465,0,3,9563.029,1
-0.5856608388163635,0,0.06584715587092937,-0.9092341626291546,0,0,4347.02335,1
1.052623201431248,0,-1.5075714124930246,1.5801434662483465,0,1,12475.3513,0
-1.4404177293803346,1,-0.321973054048899,-0.9092341626291546,0,3,1253.936,2
0.3403257926279386,0,1.212909468086235,-0.9092341626291546,1,2,48885.13561,1
0.981393460550917,1,0.08142555753789903,-0.07944161966998751,0,1,10461.9794,1
-1.4404177293803346,0,0.3667562828066095,-0.9092341626291546,0,3,1748.774,1
1.5512313875935644,0,-0.9155921491481709,-0.9092341626291546,0,2,24513.09126,2
-1.5116474702606657,0,-0.9155921491481709,-0.9092341626291546,0,0,2196.4732,2
1.5512313875935644,1,2.088579624945381,-0.9092341626291546,0,3,12574.049,1
-1.297958247619673,1,-0.8139225803742622,2.409936009207514,1,3,17942.106,2
-1.3691879885000038,1,-0.4482400991390755,-0.9092341626291546,0,0,1967.0227,2
-0.5856608388163635,0,-1.1582872488020162,0.7503509232891795,0,3,4931.647,0
0.41155553350826957,1,-0.321973054048899,0.7503509232891795,0,3,8027.968,2
0.3403257926279386,0,-1.095973642134137,0.7503509232891795,0,2,8211.1002,0
1.6224611284738955,0,1.399850288089873,-0.9092341626291546,0,3,13470.86,1
-0.7281203205770254,1,0.6127310459692911,-0.9092341626291546,1,3,36197.699,1
0.2690960517476077,1,-0.759808132478472,-0.9092341626291546,0,0,6837.3687,2
0.8389339787902551,1,-1.2222406872243134,-0.07944161966998751,1,2,22218.1149,0
-1.4404177293803346,1,-0.06779913211412786,-0.9092341626291546,1,2,32548.3405,1
-0.08705265265404699,0,-0.2842569236972877,-0.07944161966998751,0,2,5974.3847,2
-0.15828239353437792,1,0.03469035253698949,1.5801434662483465,0,1,6796.86325,1
-1.2267285067393419,1,0.11258236087183891,-0.07944161966998751,0,1,2643.2685,1
-1.297958247619673,1,-1.1336897724857482,0.7503509232891795,0,1,3077.0955,0
-1.08426902497868,0,-0.884435345814231,-0.9092341626291546,0,0,3044.2133,2
1.2663124240722408,0,-0.321973054048899,-0.9092341626291546,0,3,11455.28,2
1.1950826831919097,1,0.23720957420759728,-0.07944161966998751,0,0,11763.0009,1
-0.8705798023376873,1,0.4913834961423678,-0.9092341626291546,0,2,2498.4144,1
0.8389339787902551,1,-1.3517873958233257,-0.9092341626291546,0,0,9361.3268,0
-1.4404177293803346,1,-0.04320165579785993,-0.9092341626291546,0,3,1256.299,1
-0.015822911773716055,1,-0.3875663242256139,-0.07944161966998751,1,3,21082.16,2
1.3375421649525716,1,0.8259091740436159,-0.9092341626291546,0,3,11362.755,1
-1.3691879885000038,1,0.7619557356213186,-0.07944161966998751,0,2,27724.28875,1
0.41155553350826957,1,-0.027623254130889695,0.7503509232891795,0,1,8413.46305,1
-0.30074187529503976,0,0.05518824946721296,-0.07944161966998751,0,3,5240.765,1
-0.5856608388163635,1,0.03469035253698949,-0.9092341626291546,0,0,3857.75925,1
0.7677042379099241,0,-0.5417105091408946,-0.9092341626291546,0,0,25656.57526,2
-0.5144310979360326,0,2.223045828807647,-0.9092341626291546,0,2,3994.1778,1
0.8389339787902551,0,0.5331992058800241,-0.9092341626291546,0,0,9866.30485,1
-0.08705265265404699,0,1.158795020190444,-0.9092341626291546,0,2,5397.6167,1
0.19786631086727674,1,-0.7532488054608006,-0.07944161966998751,1,2,38245.59327,2
-1.5116474702606657,0,0.5274597947395622,-0.9092341626291546,0,2,11482.63485,1
-1.4404177293803346,0,-0.012044852463920045,0.7503509232891795,0,1,24059.68019,1
0.8389339787902551,0,-0.7975242628300833,-0.07944161966998751,0,3,9861.025,2
0.48278527438860047,1,1.4367465025642743,-0.07944161966998751,0,0,8342.90875,1
-1.5116474702606657,1,-0.8532785424802911,-0.9092341626291546,0,0,1708.0014,2
1.2663124240722408,1,1.8803209921343111,-0.07944161966998751,1,2,48675.5177,1
1.6224611284738955,0,0.1748959675397181,-0.9092341626291546,0,0,14043.4767,1
1.4087719058329027,1,-0.15798987860711125,0.7503509232891795,0,2,12925.886,2
-0.15828239353437792,1,0.906260930010091,-0.9092341626291546,0,2,19214.70553,1
1.7649206102345572,1,1.6097487526553604,-0.9092341626291546,0,2,13831.1152,1
-0.08705265265404699,1,-0.43266169747210587,-0.07944161966998751,0,0,6067.12675,2
-0.44320135705570163,0,1.350655335457336,1.5801434662483465,0,3,5972.378,1
0.48278527438860047,0,-0.07599829088621736,0.7503509232891795,0,3,8825.086,1
0.48278527438860047,0,-0.4285621180860608,-0.07944161966998751,0,2,8233.0975,2
0.981393460550917,1,0.11258236087183891,-0.9092341626291546,0,2,27346.04207,1
-0.3719716161753707,0,1.2030704775597272,1.5801434662483465,0,3,6196.448,1
-1.3691879885000038,0,0.18473495806622514,0.7503509232891795,0,2,3056.3881,1
1.6936908693542263,0,0.9242990793086876,-0.9092341626291546,0,2,13887.204,1
1.052623201431248,0,2.7461521584669497,-0.9092341626291546,1,2,63770.42801,1
1.052623201431248,1,-0.07435845913179923,-0.9092341626291546,0,1,10231.4999,1
0.6964744970295933,1,-0.7909649358124119,0.7503509232891795,1,1,23807.2406,2
-0.7993500614573563,1,0.782453632551542,-0.9092341626291546,0,0,3268.84665,1
1.052623201431248,0,2.629724103903281,0.7503509232891795,0,3,11538.421,1
-1.013039284098349,0,-0.33919128747028676,-0.9092341626291546,0,0,3213.62205,2
0.2690960517476077,0,2.5477325161823874,-0.9092341626291546,1,2,45863.205,1
1.6936908693542263,1,0.022391614378855524,-0.9092341626291546,0,3,13390.559,1
-0.5144310979360326,0,-0.2842569236972877,-0.9092341626291546,0,2,3972.9247,2
1.6224611284738955,1,-1.5190502347739498,-0.9092341626291546,0,3,12957.118,0
0.9101637196705861,0,0.1748959675397181,0.7503509232891795,0,1,11187.6567,1
-1.013039284098349,0,1.748314535903672,-0.9092341626291546,0,0,17878.90068,1
-0.7993500614573563,1,-1.1254906137136589,0.7503509232891795,0,3,3847.674,0
0.48278527438860047,1,0.45530719754517474,-0.07944161966998751,0,0,8334.5896,1
-0.3719716161753707,1,0.5815742426353518,-0.9092341626291546,0,2,3935.1799,1
-0.30074187529503976,0,0.5643560092139634,1.5801434662483465,1,1,39983.42595,1
-1.4404177293803346,1,0.7980320342185117,-0.9092341626291546,0,1,1646.4297,1
0.48278527438860047,0,-1.756825839164542,0.7503509232891795,0,1,9193.8385,0
1.052623201431248,0,0.33067998420941636,-0.9092341626291546,0,0,10923.9332,1
-0.8705798023376873,1,-0.02680333825368092,-0.9092341626291546,0,3,2494.022,1
0.7677042379099241,1,2.313236575300631,-0.07944161966998751,0,2,9058.7303,1
-1.5116474702606657,0,0.23884940596201482,0.7503509232891795,0,2,2801.2588,1
-1.4404177293803346,0,-0.027623254130889695,-0.9092341626291546,0,1,2128.43105,1
-0.08705265265404699,0,1.6236873225679125,-0.07944161966998751,0,1,6373.55735,1
0.1266365699869458,1,-0.012044852463920045,0.7503509232891795,0,1,7256.7231,1
0.6964744970295933,0,0.2027731073648217,3.2397285521666808,0,3,11552.904,1
0.6252447561492623,1,1.6236873225679125,0.7503509232891795,1,1,45702.02235,1
-0.5856608388163635,0,-0.2563797838721835,-0.9092341626291546,0,3,3761.292,2
-1.5116474702606657,0,1.0866424229960578,-0.07944161966998751,0,2,2219.4451,1
-0.6568905796966944,0,2.04266433582168,0.7503509232891795,0,2,4753.6368,1
1.6224611284738955,0,1.0161296575560892,-0.07944161966998751,0,0,31620.00106,1
1.2663124240722408,0,0.5955128125479039,0.7503509232891795,0,0,13224.05705,1
1.3375421649525716,0,-0.5728673124748339,-0.9092341626291546,0,1,12222.8983,2
-1.2267285067393419,1,-0.6269817603706241,-0.9092341626291546,0,2,1664.9996,2
-0.5856608388163635,0,1.218648879226697,-0.07944161966998751,1,0,58571.07448,1
0.9101637196705861,1,-0.07599829088621736,-0.07944161966998751,0,3,9724.53,1
-1.013039284098349,0,-1.1804249774866578,-0.9092341626291546,0,0,3206.49135,0
1.4087719058329027,1,-0.8532785424802911,-0.07944161966998751,0,0,12913.9924,2
-0.015822911773716055,1,2.42146547109221,0.7503509232891795,0,2,6356.2707,1
-0.5144310979360326,0,-1.1500880900299273,-0.07944161966998751,0,2,17626.23951,0
-1.4404177293803346,1,-1.633838457583201,-0.9092341626291546,0,3,1242.816,0
-0.44320135705570163,0,-0.3924858194888677,-0.07944161966998751,0,2,4779.6023,2
-1.297958247619673,1,-1.7100906341636324,1.5801434662483465,0,0,3861.20965,0
-0.3719716161753707,0,-0.07435845913179923,-0.07944161966998751,1,1,43943.8761,1
1.5512313875935644,0,0.8603456408863903,-0.9092341626291546,0,0,13635.6379,1
-0.08705265265404699,0,0.004353465080258964,-0.07944161966998751,0,2,5976.8311,1
1.3375421649525716,0,-0.27277810141636255,-0.9092341626291546,0,3,11842.442,2
0.5540150152689314,1,-1.819139445832421,-0.07944161966998751,0,1,8428.0693,0
-1.3691879885000038,1,0.07650606227464521,0.7503509232891795,0,2,2566.4707,1
-1.297958247619673,0,-1.4452578058251448,-0.07944161966998751,1,0,15359.1045,0
0.1266365699869458,1,1.5736724540581672,-0.9092341626291546,0,2,5709.1644,1
0.48278527438860047,0,0.5020424025460848,-0.07944161966998751,0,0,8823.98575,1
0.19786631086727674,0,-0.19406617720430436,0.7503509232891795,0,2,7640.3092,2
-0.3719716161753707,0,0.4241503942112354,-0.07944161966998751,0,0,5594.8455,1
0.2690960517476077,1,0.3175613301740736,0.7503509232891795,0,3,7441.501,1
0.9101637196705861,0,1.1251784692248779,0.7503509232891795,0,1,33471.97189,1
-1.5116474702606657,0,1.3932909610722004,-0.9092341626291546,0,2,1633.0444,1
0.8389339787902551,1,0.15931756587274845,-0.9092341626291546,0,1,9174.13565,1
1.1950826831919097,0,-0.8795158505509771,-0.9092341626291546,0,3,11070.535,2
1.7649206102345572,0,1.375252811773604,1.5801434662483465,0,2,16085.1275,1
-1.4404177293803346,0,-0.3859264924711963,-0.9092341626291546,1,1,17468.9839,2
0.8389339787902551,0,0.5635360933367553,-0.9092341626291546,0,2,9283.562,1
-0.8705798023376873,0,-0.9000137474812007,-0.9092341626291546,0,0,3558.62025,2
1.4087719058329027,0,-1.149268174152718,-0.9092341626291546,1,1,25678.77845,0
-0.7993500614573563,1,-0.6040241158087738,0.7503509232891795,0,0,4435.0942,2
-0.6568905796966944,1,1.1702738424713692,0.7503509232891795,1,3,39241.442,1
0.5540150152689314,0,-0.21210432650290093,-0.07944161966998751,0,2,8547.6913,2
-0.08705265265404699,0,0.678324316146006,0.7503509232891795,0,3,6571.544,1
-1.5116474702606657,0,0.40857199254426574,-0.9092341626291546,0,0,2207.69745,1
-0.3719716161753707,0,-1.9126098558342401,1.5801434662483465,0,0,6753.038,0
-1.3691879885000038,0,0.38315460035078847,-0.9092341626291546,0,2,1880.07,1
0.5540150152689314,0,0.9784135272044785,-0.07944161966998751,1,2,42969.8527,1
1.1950826831919097,0,-0.33919128747028676,-0.9092341626291546,0,0,11658.11505,2
0.6964744970295933,1,-0.8303208979184407,0.7503509232891795,1,3,23306.547,2
-1.4404177293803346,0,0.40119274964938506,-0.9092341626291546,1,2,34439.8559,1
1.1238529423115788,0,1.0554856196621185,-0.9092341626291546,0,3,10713.644,1
-0.6568905796966944,1,0.12078151964392783,-0.07944161966998751,0,3,3659.346,1
-0.15828239353437792,1,0.5635360933367553,2.409936009207514,1,3,40182.246,1
0.6964744970295933,0,-1.5354485523181283,-0.07944161966998751,0,3,9182.17,0
-1.5116474702606657,1,0.47088559921214435,-0.9092341626291546,1,0,34617.84065,1
1.4087719058329027,1,-0.3080344841363469,-0.9092341626291546,0,1,12129.61415,2
-0.7281203205770254,0,-0.759808132478472,-0.9092341626291546,0,1,3736.4647,2
-0.22951213441470886,1,-0.29245608246937727,1.5801434662483465,0,0,6748.5912,2
-0.44320135705570163,1,1.9344354400301007,-0.07944161966998751,0,2,11326.71487,1
1.3375421649525716,1,1.2030704775597272,-0.9092341626291546,0,3,11365.952,1
0.3403257926279386,0,1.358854494229426,-0.9092341626291546,1,1,42983.4585,1
0.981393460550917,1,0.8915024442203308,-0.07944161966998751,0,3,10085.846,1
-1.08426902497868,1,-0.22358314878382612,-0.9092341626291546,0,3,1977.815,2
-0.7281203205770254,0,0.7980320342185117,-0.9092341626291546,0,2,3366.6697,1
0.055406829106614874,1,-1.3050521908224169,0.7503509232891795,0,0,7173.35995,0
0.8389339787902551,1,1.481841875810767,-0.07944161966998751,0,3,9391.346,1
1.7649206102345572,1,1.2342272808936665,-0.9092341626291546,0,0,14410.9321,1
-1.4404177293803346,0,-1.0090625591499893,-0.07944161966998751,0,1,2709.1119,0
-0.30074187529503976,0,1.218648879226697,0.7503509232891795,0,0,24915.04626,1
-0.015822911773716055,1,-0.6974945258105928,-0.9092341626291546,1,0,20149.3229,2
1.1950826831919097,1,0.4913834961423678,2.409936009207514,0,2,12949.1554,1
-0.44320135705570163,1,1.9245964495035932,3.2397285521666808,0,3,6666.243,1
0.19786631086727674,1,-0.3859264924711963,1.5801434662483465,1,1,32787.45859,2
1.5512313875935644,1,0.5331992058800241,-0.9092341626291546,0,0,13143.86485,1
-1.155498765859011,0,0.7045616242166927,1.5801434662483465,0,1,4466.6214,1
0.2690960517476077,1,0.7619557356213186,0.7503509232891795,0,2,18806.14547,1
0.6252447561492623,1,0.01911195087001984,1.5801434662483465,0,0,10141.1362,1
-0.015822911773716055,1,-0.7286513291445327,-0.07944161966998751,0,1,6123.5688,2
0.055406829106614874,0,-1.1960033791536275,1.5801434662483465,0,0,8252.2843,0
-1.5116474702606657,1,-0.3547696891372564,-0.9092341626291546,0,0,1712.227,2
1.3375421649525716,0,0.37741518921032646,-0.9092341626291546,0,0,12430.95335,1
0.6964744970295933,0,1.970511738627294,0.7503509232891795,0,2,9800.8882,1
0.981393460550917,0,1.465443558266588,-0.07944161966998751,0,2,10579.711,1
0.6252447561492623,0,0.07650606227464521,-0.9092341626291546,0,2,8280.6227,1
0.41155553350826957,0,0.9242990793086876,0.7503509232891795,0,2,8527.532,1
1.4087719058329027,0,0.743917586322722,-0.9092341626291546,0,2,12244.531,1
0.9101637196705861,0,-0.8795158505509771,0.7503509232891795,1,2,24667.419,2
-0.9418095432180181,0,1.9245964495035932,-0.07944161966998751,0,3,3410.324,1
-0.8705798023376873,1,0.40857199254426574,0.7503509232891795,0,1,4058.71245,1
0.6252447561492623,0,0.8603456408863903,-0.07944161966998751,0,0,26392.26029,1
1.2663124240722408,0,-0.3080344841363469,2.409936009207514,0,0,14394.39815,2
-0.15828239353437792,1,2.601846964078177,1.5801434662483465,0,2,6435.6237,1
1.2663124240722408,0,-1.095973642134137,-0.07944161966998751,0,2,22192.43711,0
-0.5144310979360326,0,0.1437391642057782,-0.07944161966998751,0,0,5148.5526,1
-1.5116474702606657,1,0.4913834961423678,-0.9092341626291546,0,2,1136.3994,1
1.7649206102345572,0,-1.2583169858215073,-0.9092341626291546,1,2,27037.9141,0
0.2690960517476077,1,1.212909468086235,0.7503509232891795,1,2,42560.4304,1
0.6964744970295933,1,-0.321973054048899,-0.07944161966998751,0,3,8703.456,2
0.055406829106614874,0,0.346258385876386,0.7503509232891795,1,1,40003.33225,1
1.6224611284738955,1,0.2216311725406276,-0.9092341626291546,1,0,45710.20785,1
0.055406829106614874,0,-0.13995172930851468,-0.07944161966998751,0,2,6500.2359,2
-0.6568905796966944,1,0.14865865946903203,1.5801434662483465,0,2,4837.5823,1
-0.7281203205770254,0,0.08142555753789903,-0.9092341626291546,0,0,3943.5954,1
-0.22951213441470886,1,-0.15798987860711125,-0.9092341626291546,0,2,4399.731,2
0.1266365699869458,0,0.05846791297604864,-0.9092341626291546,0,2,6185.3208,1
0.3403257926279386,0,2.1689313809118573,0.7503509232891795,1,2,46200.9851,1
0.41155553350826957,1,-1.5231498141599942,-0.9092341626291546,0,1,7222.78625,0
1.1238529423115788,0,1.6638632005511513,1.5801434662483465,0,2,12485.8009,1
1.4800016467132335,1,0.11258236087183891,1.5801434662483465,1,1,46130.5265,1
1.1950826831919097,1,0.8915024442203308,1.5801434662483465,0,3,12363.547,1
0.6964744970295933,0,-1.2271601824875673,0.7503509232891795,0,1,10156.7832,0
-1.297958247619673,0,-2.1749829365411006,-0.07944161966998751,0,3,2585.269,3
-1.4404177293803346,1,-1.699431727759916,-0.9092341626291546,0,3,1242.26,0
-0.015822911773716055,1,0.7603159038668998,0.7503509232891795,1,3,40103.89,1
0.981393460550917,1,-1.0402193624839293,-0.9092341626291546,0,1,9863.4718,0
-0.44320135705570163,0,-1.994601443555134,-0.07944161966998751,0,3,4766.022,3
0.981393460550917,1,-0.6974945258105928,0.7503509232891795,0,0,11244.3769,2
0.19786631086727674,1,-0.7442297308115023,0.7503509232891795,0,0,7729.64575,2
0.055406829106614874,1,1.8081683949399237,-0.9092341626291546,0,2,5438.7491,1
0.5540150152689314,0,-1.0762956610811223,-0.07944161966998751,0,3,26236.57997,0
-0.8705798023376873,1,0.07650606227464521,-0.07944161966998751,1,2,34806.4677,1
-1.297958247619673,1,-0.5417105091408946,-0.9092341626291546,0,0,2104.1134,2
0.5540150152689314,1,0.9079007617645097,-0.07944161966998751,0,3,8068.185,1
-1.3691879885000038,1,0.2839447792085074,-0.07944161966998751,0,1,2362.22905,1
-1.08426902497868,1,-1.149268174152718,-0.9092341626291546,0,1,2352.96845,0
-0.8705798023376873,0,0.678324316146006,-0.07944161966998751,0,3,3577.999,1
-0.9418095432180181,0,1.5613737159000338,-0.9092341626291546,0,1,3201.24515,1
0.981393460550917,0,0.2683663775415366,0.7503509232891795,0,0,29186.48236,1
0.1266365699869458,1,0.8341083328157048,-0.07944161966998751,1,2,40273.6455,1
1.1950826831919097,1,0.5020424025460848,-0.9092341626291546,0,1,10976.24575,1
-1.155498765859011,0,1.4113291103707983,0.7503509232891795,0,2,3500.6123,1
-1.297958247619673,0,0.6898031384269312,-0.9092341626291546,0,2,2020.5523,1
0.7677042379099241,0,2.309136995914585,-0.9092341626291546,0,0,9541.69555,1
0.981393460550917,1,1.7720920963427307,-0.9092341626291546,0,2,9504.3103,1
-0.3719716161753707,0,-0.6974945258105928,-0.07944161966998751,0,1,5385.3379,2
0.5540150152689314,0,-0.18340727080058794,-0.07944161966998751,0,1,8930.93455,2
-0.44320135705570163,0,0.3667562828066095,0.7503509232891795,0,3,5375.038,1
0.8389339787902551,0,1.212909468086235,-0.9092341626291546,1,2,44400.4064,1
0.6964744970295933,1,-0.32361288580331654,1.5801434662483465,0,1,10264.4421,2
-0.5856608388163635,0,-0.027623254130889695,1.5801434662483465,0,0,6113.23105,1
-0.22951213441470886,0,-0.47939690247301536,-0.9092341626291546,0,0,5469.0066,2
-1.5116474702606657,1,0.743917586322722,-0.07944161966998751,0,2,1727.54,1
0.7677042379099241,0,-1.1681262393285239,0.7503509232891795,0,2,10107.2206,0
0.2690960517476077,0,0.0035335492030496058,0.7503509232891795,0,1,8310.83915,1
-1.3691879885000038,1,1.608108920900943,-0.9092341626291546,0,0,1984.4533,1
-1.08426902497868,0,-1.322270424243804,-0.9092341626291546,0,3,2457.502,0
1.4800016467132335,1,-0.2891764189605416,-0.9092341626291546,0,3,12146.971,2
0.6964744970295933,0,-1.3206305924893864,-0.07944161966998751,0,1,9566.9909,0
1.4800016467132335,1,-1.0402193624839293,-0.07944161966998751,0,1,13112.6048,0
0.8389339787902551,0,0.9849728542221499,0.7503509232891795,0,1,10848.1343,1
1.3375421649525716,0,0.45530719754517474,-0.9092341626291546,0,1,12231.6136,1
0.8389339787902551,0,1.639265724234882,-0.9092341626291546,0,0,9875.6804,1
0.981393460550917,1,0.9734940319412246,1.5801434662483465,0,3,11264.541,1
1.6224611284738955,1,1.1046805722946544,-0.9092341626291546,0,3,12979.358,1
-1.4404177293803346,1,0.7767142214110788,-0.9092341626291546,0,3,1263.249,1
0.7677042379099241,0,-0.5884457141418041,-0.07944161966998751,0,0,10106.13425,2
-0.6568905796966944,0,1.375252811773604,1.5801434662483465,1,2,40932.4295,1
0.1266365699869458,1,-0.3703480908042261,-0.07944161966998751,0,1,6664.68595,2
-0.7281203205770254,0,-1.460836207492115,-0.07944161966998751,1,0,16657.71745,0
-1.5116474702606657,0,1.5769521175670036,-0.9092341626291546,0,0,2217.6012,1
0.1266365699869458,0,0.8882227807114945,-0.07944161966998751,0,2,6781.3542,1
-0.30074187529503976,1,-1.0238210449397502,1.5801434662483465,1,2,19361.9988,0
0.981393460550917,1,-1.5190502347739498,-0.07944161966998751,0,3,10065.413,0
-1.08426902497868,0,-0.0923966084303958,1.5801434662483465,0,3,4234.927,1
0.6252447561492623,0,-0.5572889108078642,-0.07944161966998751,0,0,9447.25035,2
1.4087719058329027,0,0.23556974245317971,1.5801434662483465,0,3,14007.222,1
0.6964744970295933,0,0.6734048208827533,-0.07944161966998751,0,1,9583.8933,1
-0.15828239353437792,0,1.2670239159820247,-0.9092341626291546,1,2,40419.0191,1
-0.9418095432180181,1,-1.1418889312578377,0.7503509232891795,0,3,3484.331,0
-1.155498765859011,1,0.1748959675397181,1.5801434662483465,1,0,36189.1017,1
-0.7281203205770254,1,0.7931125389552579,0.7503509232891795,1,3,44585.45587,1
0.41155553350826957,1,-1.0869545674848387,0.7503509232891795,0,0,8604.48365,0
-0.8705798023376873,1,-0.24818062510009462,-0.9092341626291546,1,2,18246.4955,2
0.981393460550917,1,0.5643560092139634,-0.9092341626291546,1,0,43254.41795,1
-0.5856608388163635,0,-0.6630580589678172,-0.9092341626291546,0,2,3757.8448,2
0.7677042379099241,1,-0.6974945258105928,-0.9092341626291546,0,1,8827.2099,2
0.7677042379099241,0,-0.08993686079876946,-0.07944161966998751,0,1,9910.35985,1
-0.3719716161753707,1,-0.6007444522999381,0.7503509232891795,0,3,11737.84884,2
-1.4404177293803346,1,-1.460836207492115,-0.9092341626291546,0,1,1627.28245,0
0.5540150152689314,0,0.8751041266761518,-0.07944161966998751,0,3,8556.907,1
-0.7993500614573563,1,0.03469035253698949,-0.9092341626291546,0,1,3062.50825,1
-0.15828239353437792,0,-0.699134357565011,-0.9092341626291546,1,2,19539.243,2
-1.297958247619673,1,-0.276877680802407,-0.9092341626291546,0,1,1906.35825,2
1.7649206102345572,1,1.1874920758927576,-0.9092341626291546,0,1,14210.53595,1
1.3375421649525716,0,-1.2943932844187003,-0.9092341626291546,0,2,11833.7823,0
-1.08426902497868,1,0.4864640008791152,2.409936009207514,0,0,17128.42608,1
-0.5856608388163635,1,-0.49497530413998503,0.7503509232891795,0,0,5031.26955,2
-0.015822911773716055,0,-1.2894737891554466,1.5801434662483465,0,0,7985.815,0
0.5540150152689314,0,-0.4646384166832545,-0.9092341626291546,1,2,23065.4207,2
-0.6568905796966944,1,1.1096000675579083,1.5801434662483465,0,0,5428.7277,1
-1.5116474702606657,1,1.2309476173848315,-0.9092341626291546,1,2,36307.7983,1
-1.2267285067393419,0,0.6422480175488129,0.7503509232891795,0,0,3925.7582,1
-1.155498765859011,1,0.743917586322722,-0.07944161966998751,0,3,2416.955,1
-0.44320135705570163,1,-0.584346134755759,-0.07944161966998751,1,3,19040.876,2
-0.8705798023376873,1,-0.759808132478472,-0.9092341626291546,0,0,3070.8087,2
0.41155553350826957,0,-0.9000137474812007,0.7503509232891795,0,0,9095.06825,2
1.2663124240722408,0,0.19047436920668775,-0.9092341626291546,0,1,11842.62375,1
0.5540150152689314,1,0.2683663775415366,-0.07944161966998751,0,3,8062.764,1
0.19786631086727674,0,-0.27277810141636255,-0.07944161966998751,0,3,7050.642,2
1.7649206102345572,0,1.481841875810767,-0.9092341626291546,0,3,14319.031,1
-0.08705265265404699,0,-1.8347178474993908,0.7503509232891795,0,1,6933.24225,0
1.5512313875935644,1,0.8915024442203308,1.5801434662483465,0,3,27941.28758,1
0.981393460550917,0,-0.6499394049324745,0.7503509232891795,0,3,11150.78,2
0.3403257926279386,0,0.9538160508882093,-0.9092341626291546,0,0,12797.20962,1
-1.4404177293803346,0,-0.29245608246937727,-0.9092341626291546,1,1,17748.5062,2
0.1266365699869458,1,0.5799344108809342,0.7503509232891795,0,1,7261.741,1
0.8389339787902551,1,0.43726904824657814,1.5801434662483465,0,2,10560.4917,1
0.055406829106614874,1,0.2683663775415366,0.7503509232891795,0,1,6986.697,1
0.41155553350826957,1,1.499060109232154,-0.9092341626291546,0,0,7448.40395,1
-0.30074187529503976,1,0.5996123919339483,1.5801434662483465,0,2,5934.3798,1
0.981393460550917,1,-0.29245608246937727,-0.9092341626291546,0,1,9869.8102,2
-0.6568905796966944,1,-1.0271007084485864,1.5801434662483465,1,3,18259.216,0
-1.5116474702606657,1,1.717977648446941,-0.9092341626291546,0,2,1146.7966,1
0.8389339787902551,1,0.8701846314128979,-0.07944161966998751,0,2,9386.1613,1
0.7677042379099241,0,-0.5023545470348652,-0.07944161966998751,1,3,24520.264,2
-0.5856608388163635,0,-0.2301424758014975,-0.07944161966998751,0,2,4350.5144,2
-0.30074187529503976,0,-0.48595622949068673,1.5801434662483465,0,3,6414.178,2
1.4800016467132335,1,1.0317080592230587,-0.9092341626291546,0,0,12741.16745,1
-1.297958247619673,1,1.0161296575560892,-0.9092341626291546,0,1,1917.3184,1
-0.7281203205770254,1,-1.336208994156356,1.5801434662483465,0,0,5209.57885,0
1.6224611284738955,0,-0.12191358000991753,-0.9092341626291546,0,2,13457.9608,2
-0.015822911773716055,0,1.8262065442385202,-0.9092341626291546,0,2,5662.225,1
-1.4404177293803346,1,-0.5023545470348652,-0.9092341626291546,0,3,1252.407,2
-1.2267285067393419,0,-1.2271601824875673,-0.9092341626291546,0,0,2731.9122,0
0.981393460550917,1,-1.6010418224948437,-0.9092341626291546,1,2,21195.818,0
-0.015822911773716055,0,0.20605277087365798,0.7503509232891795,0,1,7209.4918,1
-0.8705798023376873,1,-0.3547696891372564,-0.9092341626291546,1,1,18310.742,2
-0.6568905796966944,1,2.223045828807647,0.7503509232891795,0,2,4266.1658,1
-0.6568905796966944,0,-1.2738953874884769,-0.07944161966998751,0,0,4719.52405,0
1.3375421649525716,0,0.3995529178949675,-0.9092341626291546,0,3,11848.141,1
-0.44320135705570163,1,-0.9623273541490798,-0.9092341626291546,1,0,17904.52705,0
0.19786631086727674,0,-0.735210656162204,-0.07944161966998751,0,2,7046.7222,2
1.7649206102345572,0,0.8701846314128979,-0.9092341626291546,0,2,14313.8463,1
-1.297958247619673,1,-1.3714653768763405,-0.07944161966998751,0,3,2103.08,0
-1.5116474702606657,0,1.8983591414329077,-0.9092341626291546,1,2,38792.6856,1
-1.155498765859011,1,-0.6810962082664138,-0.9092341626291546,0,2,1815.8759,2
0.41155553350826957,0,0.8447672392194207,-0.9092341626291546,0,1,7731.85785,1
0.055406829106614874,0,1.7638929375706416,-0.07944161966998751,0,1,28476.73499,1
-1.4404177293803346,0,0.9693944525551802,-0.9092341626291546,0,1,2136.88225,1
-1.5116474702606657,1,-0.08583728141272443,-0.9092341626291546,0,2,1131.5066,1
-1.013039284098349,1,-0.7909649358124119,-0.07944161966998751,0,0,3309.7926,2
0.48278527438860047,0,0.022391614378855524,1.5801434662483465,0,3,9414.92,1
-0.44320135705570163,0,2.0131473642421582,1.5801434662483465,0,1,6360.9936,1
1.052623201431248,1,-1.5830036731962465,0.7503509232891795,0,2,11013.7119,0
-0.7993500614573563,1,-1.336208994156356,0.7503509232891795,0,0,4428.88785,0
-0.22951213441470886,1,0.6176505412325449,0.7503509232891795,0,2,5584.3057,1
-1.3691879885000038,0,0.13062051017043547,-0.9092341626291546,0,2,1877.9294,1
-1.08426902497868,0,-1.0557977641508989,-0.9092341626291546,0,1,2842.76075,0
-1.155498765859011,1,1.0554856196621185,1.5801434662483465,0,3,3597.596,1
0.5540150152689314,0,-0.7442297308115023,-0.07944161966998751,1,0,23401.30575,2
-0.44320135705570163,0,0.7980320342185117,-0.9092341626291546,1,1,55135.40209,1
0.41155553350826957,1,0.49794282316004035,-0.07944161966998751,0,3,7445.918,1
-0.9418095432180181,1,-2.1307074791718175,-0.9092341626291546,0,1,2680.9493,3
-1.5116474702606657,0,0.07650606227464521,-0.9092341626291546,0,2,1621.8827,1
0.3403257926279386,0,-0.13995172930851468,0.7503509232891795,0,2,8219.2039,2
1.4800016467132335,1,-1.0402193624839293,-0.9092341626291546,0,1,12523.6048,0
1.7649206102345572,0,0.19047436920668775,0.7503509232891795,0,0,16069.08475,1
1.1950826831919097,1,0.18473495806622514,0.7503509232891795,1,2,43813.8661,1
-0.22951213441470886,1,-0.43266169747210587,-0.07944161966998751,1,0,20773.62775,2
0.1266365699869458,1,0.01911195087001984,1.5801434662483465,1,0,39597.4072,1
-0.015822911773716055,1,-1.4452578058251448,-0.07944161966998751,0,1,6117.4945,0
1.6936908693542263,1,0.3995529178949675,-0.9092341626291546,0,3,13393.756,1
-0.22951213441470886,0,-0.7909649358124119,-0.9092341626291546,0,1,5266.3656,2
-0.7993500614573563,0,-1.1181113708187786,0.7503509232891795,0,1,4719.73655,0
1.3375421649525716,1,0.6110912142148736,-0.9092341626291546,0,1,11743.9341,1
-0.22951213441470886,1,0.5176208042130545,-0.07944161966998751,0,1,5377.4578,1
0.19786631086727674,1,0.8701846314128979,0.7503509232891795,0,2,7160.3303,1
-0.22951213441470886,1,0.13717983718810683,-0.9092341626291546,0,3,4402.233,1
1.1950826831919097,0,-0.3859264924711963,-0.9092341626291546,0,0,11657.7189,2
-0.30074187529503976,0,-1.1804249774866578,0.7503509232891795,0,0,6402.29135,0
1.4087719058329027,0,0.11258236087183891,-0.9092341626291546,0,1,12622.1795,1
-1.297958247619673,1,0.07158656701139197,-0.9092341626291546,0,3,1526.312,1
1.4087719058329027,1,-0.97790575581605,-0.9092341626291546,0,0,12323.936,0
-1.155498765859011,0,0.34707830175359533,0.7503509232891795,1,2,36021.0112,1
1.2663124240722408,0,-0.13995172930851468,-0.9092341626291546,1,2,27533.9129,2
0.981393460550917,1,-0.027623254130889695,-0.9092341626291546,0,0,10072.05505,1
1.4800016467132335,0,0.29296385385780566,-0.9092341626291546,1,2,45008.9555,1
0.8389339787902551,0,0.5799344108809342,-0.07944161966998751,0,3,9872.701,1
-1.155498765859011,1,3.2331821895290602,-0.07944161966998751,0,2,2438.0552,1
-0.8705798023376873,0,-1.0762956610811223,-0.9092341626291546,0,3,2974.126,0
1.1238529423115788,1,0.346258385876386,-0.9092341626291546,0,1,10601.63225,1
-0.15828239353437792,0,0.01911195087001984,-0.9092341626291546,1,0,37270.1512,1
1.5512313875935644,1,0.2683663775415366,0.7503509232891795,0,1,14119.62,1
0.48278527438860047,0,0.7980320342185117,-0.9092341626291546,1,0,42111.6647,1
0.981393460550917,0,-1.1336897724857482,0.7503509232891795,0,0,11729.6795,0
0.6964744970295933,0,-1.1181113708187786,1.5801434662483465,1,0,24106.91255,0
-1.3691879885000038,0,-0.17438819615128967,-0.9092341626291546,0,3,1875.344,2
0.6252447561492623,0,0.40119274964938506,-0.9092341626291546,1,2,40974.1649,1
-1.013039284098349,1,-1.071376165817869,-0.9092341626291546,1,1,15817.9857,0
-1.013039284098349,0,0.2568875552606114,-0.07944161966998751,0,2,18218.16139,1
1.2663124240722408,1,-0.42036295931397133,-0.9092341626291546,0,3,10965.446,2
-0.15828239353437792,0,2.77730896180089,0.7503509232891795,1,3,46113.511,1
-0.08705265265404699,0,-0.4367612768581503,1.5801434662483465,0,3,7151.092,2
1.1238529423115788,0,0.47088559921214435,0.7503509232891795,0,1,12269.68865,1
-0.22951213441470886,0,-1.7724042408315115,-0.9092341626291546,0,0,5458.04645,0
0.8389339787902551,1,-0.8631175330067987,-0.9092341626291546,0,3,8782.469,2
0.055406829106614874,1,-0.1251932435187538,0.7503509232891795,0,3,6600.361,2
-1.5116474702606657,1,1.0866424229960578,-0.9092341626291546,0,2,1141.4451,1
1.2663124240722408,1,2.137774577577918,-0.07944161966998751,0,3,11576.13,1
1.5512313875935644,1,-1.149268174152718,-0.9092341626291546,0,0,13129.60345,0
-1.013039284098349,0,-1.043499025992765,1.5801434662483465,0,3,4391.652,0
0.7677042379099241,1,0.9079007617645097,-0.9092341626291546,0,3,8457.818,1
-0.9418095432180181,0,-0.19406617720430436,-0.07944161966998751,0,2,3392.3652,2
0.19786631086727674,1,-0.951668447745364,-0.9092341626291546,0,2,5966.8874,0
0.2690960517476077,1,-0.0923966084303958,-0.07944161966998751,0,3,6849.026,1
0.3403257926279386,1,-1.4452578058251448,1.5801434662483465,0,0,8891.1395,0
-1.155498765859011,0,-0.41708329580513565,-0.9092341626291546,0,1,2690.1138,2
0.6964744970295933,0,-0.584346134755759,-0.07944161966998751,0,3,26140.3603,2
-0.44320135705570163,1,0.45530719754517474,3.2397285521666808,0,2,6653.7886,1
0.1266365699869458,1,-0.30557473650472,-0.07944161966998751,0,3,6282.235,2
-0.15828239353437792,0,-0.19078651369546867,0.7503509232891795,0,3,6311.952,2
-1.2267285067393419,1,0.678324316146006,1.5801434662483465,0,3,3443.064,1
-1.155498765859011,1,-0.5417105091408946,-0.07944161966998751,0,1,2789.0574,2
-1.297958247619673,0,-1.3985226008242353,-0.9092341626291546,0,0,2585.85065,0
0.8389339787902551,0,1.0472864608900285,1.5801434662483465,1,0,46255.1125,1
-1.013039284098349,1,-0.6507593208096832,2.409936009207514,0,1,4877.98105,2
-0.5144310979360326,1,-0.2842569236972877,-0.07944161966998751,1,2,19719.6947,2
1.2663124240722408,1,-0.276877680802407,-0.9092341626291546,1,0,27218.43725,2
-0.22951213441470886,0,-0.10551526246573911,-0.9092341626291546,0,1,5272.1758,1
-1.2267285067393419,1,1.4490452407224088,-0.9092341626291546,0,3,1682.597,1
1.2663124240722408,1,0.4864640008791152,-0.07944161966998751,0,1,11945.1327,1
1.7649206102345572,0,-0.6196025174757434,-0.9092341626291546,1,1,29330.98315,2
-0.22951213441470886,0,-0.2662187743986912,2.409936009207514,0,2,7243.8136,2
1.052623201431248,1,-1.0869545674848387,-0.9092341626291546,0,0,10422.91665,0
0.5540150152689314,1,1.3572146624750074,0.7503509232891795,1,2,44202.6536,1
1.6224611284738955,1,0.23720957420759728,-0.9092341626291546,0,0,13555.0049,1
1.5512313875935644,0,2.1869695302104537,-0.9092341626291546,0,3,13063.883,1
0.2690960517476077,0,-1.7412474374975717,0.7503509232891795,1,0,19798.05455,0
-1.4404177293803346,1,-0.8377001408133214,-0.07944161966998751,0,1,2221.56445,2
-1.5116474702606657,0,1.5736724540581672,-0.9092341626291546,0,2,1634.5734,1
-1.4404177293803346,0,-1.336208994156356,-0.9092341626291546,0,1,2117.33885,0
0.6964744970295933,1,-1.336208994156356,-0.9092341626291546,0,0,8688.85885,0
1.4800016467132335,1,1.6819013498497477,-0.9092341626291546,1,2,48673.5588,1
-0.9418095432180181,1,-0.5572889108078642,1.5801434662483465,0,0,4661.28635,2
0.6964744970295933,1,1.0144898258016715,-0.9092341626291546,0,2,8125.7845,1
1.4800016467132335,0,0.727519268778543,-0.9092341626291546,0,3,12644.589,1
-0.9418095432180181,0,-0.21456407413452783,0.7503509232891795,0,0,4564.19145,2
-0.8705798023376873,1,0.3151015825424467,1.5801434662483465,0,0,4846.92015,1
0.3403257926279386,0,0.2749257045592091,-0.07944161966998751,0,2,7633.7206,1
1.6936908693542263,1,1.4982401933549447,1.5801434662483465,0,3,15170.069,1
-0.5144310979360326,0,-0.9943040733602284,-0.9092341626291546,1,3,17496.306,0
-1.2267285067393419,1,-0.3859264924711963,-0.07944161966998751,0,1,2639.0429,2
-1.5116474702606657,1,0.1748959675397181,-0.9092341626291546,1,0,33732.6867,1
1.4087719058329027,0,-0.6507593208096832,1.5801434662483465,0,1,14382.70905,2
0.3403257926279386,0,-0.5187528645790442,-0.07944161966998751,0,3,7626.993,2
-0.44320135705570163,1,-0.9934841574830197,0.7503509232891795,0,1,5257.50795,0
-1.08426902497868,0,0.5454979440381587,-0.9092341626291546,0,2,2473.3341,1
0.2690960517476077,0,-0.6196025174757434,-0.9092341626291546,1,1,21774.32215,2
0.41155553350826957,1,-1.2738953874884769,-0.9092341626291546,1,0,35069.37452,0
1.5512313875935644,0,-0.40396464176979285,-0.9092341626291546,0,3,13041.921,2
-0.30074187529503976,0,0.5815742426353518,-0.07944161966998751,0,2,5245.2269,1
1.6224611284738955,0,-0.9287108031835136,-0.9092341626291546,0,3,13451.122,0
1.6224611284738955,0,0.41595123543914647,-0.9092341626291546,0,3,13462.52,1
-0.08705265265404699,1,0.05518824946721296,-0.07944161966998751,0,3,5488.262,1
-0.3719716161753707,1,0.8447672392194207,-0.9092341626291546,0,1,4320.41085,1
0.2690960517476077,1,-1.2238805189787316,-0.9092341626291546,0,3,6250.435,0
0.7677042379099241,1,0.23720957420759728,0.7503509232891795,0,0,25333.33284,1
-1.4404177293803346,0,-1.1910838838903743,0.7503509232891795,0,3,2913.569,0
1.2663124240722408,0,-1.7322283628482733,-0.07944161966998751,0,3,12032.326,0
1.6224611284738955,0,1.3932909610722004,-0.9092341626291546,0,2,13470.8044,1
0.1266365699869458,1,0.5815742426353518,-0.07944161966998751,0,2,6289.7549,1
-0.9418095432180181,1,2.601846964078177,-0.07944161966998751,0,2,2927.0647,1
-0.015822911773716055,0,0.3011630126298946,-0.07944161966998751,0,3,6238.298,1
0.48278527438860047,1,-0.7975242628300833,3.2397285521666808,0,3,10096.97,2
0.41155553350826957,0,0.7603159038668998,-0.9092341626291546,0,3,7348.142,1
-0.5144310979360326,1,1.0686042736974612,0.7503509232891795,0,2,4673.3922,1
1.4087719058329027,0,-0.5187528645790442,-0.9092341626291546,0,3,12233.828,2
0.3403257926279386,1,-0.15225046746664864,0.7503509232891795,0,0,32108.66282,2
-0.015822911773716055,0,-1.0557977641508989,3.2397285521666808,0,1,8965.79575,0
-1.5116474702606657,1,-0.735210656162204,0.7503509232891795,0,2,2304.0022,2
0.981393460550917,1,-0.19406617720430436,-0.9092341626291546,0,2,9487.6442,2
-1.5116474702606657,1,-1.2222406872243134,-0.9092341626291546,0,2,1121.8739,0
0.7677042379099241,0,2.5296943668837906,-0.07944161966998751,0,2,9549.5651,1
-1.5116474702606657,0,1.5613737159000338,-0.9092341626291546,0,0,2217.46915,1
-1.4404177293803346,1,-1.3206305924893864,-0.9092341626291546,0,1,1628.4709,0
1.6224611284738955,1,1.5195580061623777,-0.9092341626291546,0,2,12982.8747,1
1.1950826831919097,0,0.8423074915877937,-0.07944161966998751,0,3,11674.13,1
0.19786631086727674,1,0.8423074915877937,0.7503509232891795,0,3,7160.094,1
-0.15828239353437792,1,0.5799344108809342,-0.07944161966998751,1,0,39047.285,1
0.19786631086727674,1,0.09700395920486868,-0.9092341626291546,0,1,6358.77645,1
-1.013039284098349,1,-0.15798987860711125,1.5801434662483465,1,3,19933.458,2
1.2663124240722408,1,-2.021658667503029,-0.9092341626291546,0,0,11534.87265,3
0.8389339787902551,1,2.006588037224487,0.7503509232891795,1,2,47462.894,1
-0.6568905796966944,0,-0.3703480908042261,-0.07944161966998751,0,1,4527.18295,2
0.3403257926279386,1,-0.07599829088621736,0.7503509232891795,1,3,38998.546,1
-0.3719716161753707,1,-0.46381850080604514,-0.07944161966998751,1,1,20009.63365,2
-0.5856608388163635,1,1.4474054089679913,-0.07944161966998751,0,2,3875.7341,1
1.052623201431248,1,0.022391614378855524,-0.07944161966998751,1,2,41999.52,1
-1.08426902497868,1,-0.6351809191427137,-0.07944161966998751,0,1,12609.88702,2
0.2690960517476077,1,0.7045616242166927,-0.07944161966998751,1,0,41034.2214,1
0.6252447561492623,1,0.9849728542221499,-0.07944161966998751,0,1,28468.91901,1
-1.4404177293803346,0,1.4679033058982147,-0.07944161966998751,0,1,2730.10785,1
-0.7281203205770254,0,-0.7811259452859048,-0.9092341626291546,0,3,3353.284,2
1.6936908693542263,0,0.743917586322722,-0.07944161966998751,0,2,14474.675,1
0.48278527438860047,1,-0.9623273541490798,1.5801434662483465,0,0,9500.57305,0
0.9101637196705861,1,1.0005512558891194,0.7503509232891795,0,1,26467.09737,1
-0.30074187529503976,1,-0.584346134755759,-0.07944161966998751,0,3,4746.344,2
0.8389339787902551,1,-0.9623273541490798,0.7503509232891795,1,1,23967.38305,0
0.3403257926279386,1,-0.8688569441472613,-0.07944161966998751,0,1,7518.02535,2
-1.297958247619673,1,-0.8065433374793816,0.7503509232891795,0,0,3279.86855,2
-0.015822911773716055,0,0.5996123919339483,3.2397285521666808,0,2,8596.8278,1
0.7677042379099241,0,-0.4105239687874642,1.5801434662483465,0,2,10702.6424,2
-0.3719716161753707,0,-1.1648465758196882,-0.9092341626291546,0,0,4992.3764,0
-1.2267285067393419,0,-1.7100906341636324,-0.9092341626291546,0,1,2527.81865,0
-1.4404177293803346,0,1.6130284161641966,-0.9092341626291546,0,3,1759.338,1
-0.9418095432180181,1,0.7799938849199152,-0.9092341626291546,0,2,2322.6218,1
-0.7281203205770254,1,-1.2738953874884769,-0.9092341626291546,1,0,16138.76205,0
0.6252447561492623,1,1.5556343047595707,-0.9092341626291546,0,2,7804.1605,1
-0.9418095432180181,1,-0.24818062510009462,-0.07944161966998751,0,2,2902.9065,2
0.41155553350826957,0,1.5302169125660934,1.5801434662483465,0,0,9704.66805,1
-0.22951213441470886,0,-0.12191358000991753,-0.9092341626291546,0,2,4889.0368,2
1.052623201431248,1,-0.8532785424802911,-0.07944161966998751,0,0,25517.11363,2
-0.3719716161753707,1,-1.5231498141599942,-0.9092341626291546,0,0,4500.33925,0
-0.5856608388163635,1,-0.7811259452859048,1.5801434662483465,1,3,19199.944,2
-0.8705798023376873,0,-0.012044852463920045,-0.07944161966998751,0,0,16796.41194,1
-1.3691879885000038,1,-0.08993686079876946,3.2397285521666808,0,0,4915.05985,1
0.3403257926279386,0,-0.7975242628300833,-0.07944161966998751,0,3,7624.63,2
0.2690960517476077,1,-0.08993686079876946,1.5801434662483465,0,1,8410.04685,1
0.41155553350826957,0,-0.49497530413998503,-0.07944161966998751,0,1,28340.18885,2
-0.3719716161753707,1,0.6578264192157826,-0.9092341626291546,0,0,4518.82625,1
-1.08426902497868,0,-1.6633554291627228,-0.9092341626291546,1,0,14571.8908,0
-0.9418095432180181,0,-1.78142331548081,-0.07944161966998751,0,3,3378.91,0
-0.08705265265404699,0,-0.46381850080604514,0.7503509232891795,0,0,7144.86265,2
0.7677042379099241,0,0.15357815473228584,0.7503509232891795,0,3,10118.424,1
-0.08705265265404699,1,-0.3924858194888677,-0.07944161966998751,0,2,5484.4673,2
-0.8705798023376873,0,-1.7412474374975717,1.5801434662483465,1,1,16420.49455,0
-0.015822911773716055,0,-1.2115817808205978,1.5801434662483465,0,0,7986.47525,0
-0.015822911773716055,0,0.5635360933367553,1.5801434662483465,0,3,7418.522,1
1.6936908693542263,0,1.0144898258016715,-0.9092341626291546,0,2,13887.9685,1
-0.44320135705570163,0,0.9226592475542701,1.5801434662483465,0,0,6551.7501,1
-0.22951213441470886,0,-0.6196025174757434,-0.9092341626291546,0,1,5267.81815,2
-0.6568905796966944,1,-1.2583169858215073,0.7503509232891795,1,1,17361.7661,0
-1.08426902497868,1,0.3339596477182526,-0.9092341626291546,1,3,34472.841,1
-1.08426902497868,1,-0.7975242628300833,-0.9092341626291546,0,3,1972.95,2
0.6252447561492623,1,-0.17438819615128967,-0.9092341626291546,0,3,21232.18226,2
0.5540150152689314,1,-1.8814530525003001,-0.07944161966998751,0,0,8627.5411,0
-0.7281203205770254,1,0.1748959675397181,0.7503509232891795,0,1,4433.3877,1
-0.7993500614573563,1,-0.2301424758014975,0.7503509232891795,0,0,4438.2634,2
0.5540150152689314,1,-0.401504894138166,1.5801434662483465,1,1,24915.22085,2
-1.013039284098349,1,-0.9311705508151404,0.7503509232891795,0,0,23241.47453,0
0.8389339787902551,1,-0.47939690247301536,-0.07944161966998751,0,0,9957.7216,2
0.6252447561492623,0,-1.2894737891554466,-0.9092341626291546,0,3,8269.044,0
0.2690960517476077,1,-1.7273088675850201,0.7503509232891795,1,2,18767.7377,0
1.5512313875935644,0,0.43726904824657814,2.409936009207514,0,2,36580.28216,1
0.6252447561492623,1,0.2683663775415366,-0.07944161966998751,0,1,8765.249,1
-0.08705265265404699,0,-0.5023545470348652,-0.9092341626291546,0,3,5383.536,2
1.4087719058329027,1,-0.8532785424802911,-0.9092341626291546,0,1,12124.9924,2
-1.4404177293803346,0,-0.9934841574830197,-0.07944161966998751,0,1,2709.24395,0
-0.9418095432180181,0,0.5799344108809342,0.7503509232891795,0,3,3987.926,1
1.052623201431248,0,0.8447672392194207,1.5801434662483465,0,1,12495.29085,1
-1.297958247619673,0,0.33067998420941636,0.7503509232891795,0,1,26018.95052,1
0.8389339787902551,1,1.0390873021179394,-0.9092341626291546,0,3,8798.593,1
-1.2267285067393419,0,0.05846791297604864,1.5801434662483465,1,2,35595.5898,1
0.5540150152689314,1,0.8882227807114945,-0.07944161966998751,1,2,42211.1382,1
-1.5116474702606657,1,-1.204202537925717,-0.07944161966998751,0,2,1711.0268,0
0.5540150152689314,0,2.4034273217936137,-0.07944161966998751,0,2,8569.8618,1
-1.297958247619673,0,0.6455276810576491,-0.9092341626291546,0,3,2020.177,1
-1.4404177293803346,1,-0.759808132478472,-0.07944161966998751,1,1,16450.8947,2
-1.155498765859011,1,-1.9593450608351497,-0.9092341626291546,0,1,21595.38229,0
1.052623201431248,1,0.15357815473228584,-0.9092341626291546,0,3,9850.432,1
-0.15828239353437792,0,-2.1930210858396975,0.7503509232891795,0,0,6877.9801,3
0.48278527438860047,0,-1.149268174152718,-0.07944161966998751,1,1,21677.28345,0
1.1238529423115788,0,0.743917586322722,-0.9092341626291546,1,2,44423.803,1
-0.6568905796966944,0,-0.4482400991390755,-0.9092341626291546,0,0,4137.5227,2
-1.5116474702606657,1,-1.4919930108260544,-0.9092341626291546,1,0,13747.87235,0
1.5512313875935644,1,1.265384084227607,-0.9092341626291546,0,1,12950.0712,1
1.052623201431248,0,-1.2566771540670891,1.5801434662483465,0,3,12094.478,0
-1.2267285067393419,1,1.0505661243988647,0.7503509232891795,1,2,37484.4493,1
0.41155553350826957,0,-0.027623254130889695,-0.07944161966998751,1,1,39725.51805,1
-1.2267285067393419,1,-0.29245608246937727,-0.9092341626291546,0,0,2250.8352,2
-1.4404177293803346,1,-0.5572889108078642,0.7503509232891795,0,1,22493.65964,2
-0.30074187529503976,0,-0.43266169747210587,-0.9092341626291546,1,1,20234.85475,2
-1.5116474702606657,1,-1.242738584154537,-0.9092341626291546,0,0,1704.70015,0
-1.3691879885000038,1,0.0035335492030496058,-0.9092341626291546,1,0,33475.81715,1
-0.7993500614573563,0,-0.7975242628300833,-0.9092341626291546,0,3,3161.454,2
1.1238529423115788,1,0.7512968292176015,-0.07944161966998751,0,0,11394.06555,1
0.2690960517476077,0,-0.97790575581605,0.7503509232891795,1,1,21880.82,0
0.2690960517476077,0,-0.9155921491481709,-0.9092341626291546,0,0,7325.0482,2
-1.2267285067393419,1,3.5939451755009926,-0.07944161966998751,1,2,44501.3982,1
-1.013039284098349,0,-1.336208994156356,-0.07944161966998751,0,1,3594.17085,0
0.6964744970295933,1,0.03878993192303395,-0.9092341626291546,1,3,39727.614,1
0.3403257926279386,0,1.0317080592230587,-0.07944161966998751,0,1,8023.13545,1
1.7649206102345572,1,-0.6974945258105928,-0.9092341626291546,0,0,14394.5579,2
0.6964744970295933,1,-0.136672065799679,-0.07944161966998751,0,0,9288.0267,2
0.5540150152689314,1,-0.14159156106293222,1.5801434662483465,1,3,25309.489,2
-0.8705798023376873,0,-1.5075714124930246,-0.9092341626291546,0,1,3353.4703,0
1.1238529423115788,1,-0.49497530413998503,-0.9092341626291546,0,1,10594.50155,2
0.6252447561492623,0,-0.2891764189605416,-0.9092341626291546,0,3,8277.523,2
0.41155553350826957,0,0.18473495806622514,-0.9092341626291546,0,2,17929.30337,1
-1.08426902497868,0,1.4474054089679913,-0.9092341626291546,0,2,2480.9791,1
-0.5144310979360326,1,0.5176208042130545,-0.07944161966998751,0,1,4462.7218,1
-1.08426902497868,1,0.22081125666341828,-0.9092341626291546,0,2,1981.5819,1
1.2663124240722408,1,-0.44660026738465736,-0.07944161966998751,0,2,11554.2236,2
1.4087719058329027,1,1.717977648446941,-0.07944161966998751,1,2,48970.2476,1
-0.22951213441470886,1,-0.33919128747028676,1.5801434662483465,0,1,6548.19505,2
-0.7281203205770254,0,-0.8303208979184407,2.409936009207514,0,3,5708.867,2
0.19786631086727674,0,-0.8795158505509771,-0.07944161966998751,0,3,7045.499,2
0.6252447561492623,1,1.0866424229960578,0.7503509232891795,0,2,8978.1851,1
-0.015822911773716055,1,1.9664121592412493,-0.9092341626291546,0,0,5757.41345,1
1.6936908693542263,1,-1.4764146091590846,-0.07944161966998751,0,1,14349.8544,0
1.052623201431248,0,0.2027731073648217,-0.07944161966998751,0,2,10928.849,1
-0.15828239353437792,1,1.0505661243988647,-0.07944161966998751,1,2,39871.7043,1
1.6936908693542263,1,0.12816076253880856,-0.9092341626291546,0,0,13974.45555,1
-1.297958247619673,1,0.09700395920486868,-0.9092341626291546,0,1,1909.52745,1
1.052623201431248,0,-0.29245608246937727,0.7503509232891795,0,0,12096.6512,2
1.4800016467132335,0,-2.021658667503029,-0.9092341626291546,0,0,13204.28565,3
-0.5144310979360326,0,-0.1760280279057078,-0.07944161966998751,0,2,4562.8421,2
0.5540150152689314,0,0.2191714249090007,-0.07944161966998751,0,3,8551.347,1
-1.297958247619673,1,-0.759808132478472,-0.9092341626291546,0,0,2102.2647,2
-0.7993500614573563,1,0.1666968087676286,-0.9092341626291546,1,2,34672.1472,1
1.6936908693542263,1,0.4913834961423678,1.5801434662483465,0,2,15161.5344,1
-1.5116474702606657,1,-1.45673662810607,0.7503509232891795,0,2,11884.04858,0
-0.5144310979360326,1,-0.46381850080604514,-0.07944161966998751,0,1,4454.40265,2
-0.08705265265404699,1,-1.756825839164542,-0.07944161966998751,0,1,5855.9025,0
-0.5144310979360326,1,0.13717983718810683,-0.07944161966998751,0,3,4076.497,1
1.6224611284738955,0,-0.027623254130889695,0.7503509232891795,0,1,15019.76005,1
-0.015822911773716055,0,-2.0273980786434915,3.2397285521666808,1,3,19023.26,3
1.1238529423115788,1,-0.276877680802407,-0.9092341626291546,0,0,10796.35025,2
1.2663124240722408,1,0.1437391642057782,-0.9092341626291546,0,1,11353.2276,1
0.9101637196705861,1,2.80026660636274,-0.07944161966998751,0,2,9748.9106,1
1.1950826831919097,1,-1.4042620119646978,-0.9092341626291546,0,3,10577.087,0
0.5540150152689314,1,0.906260930010091,-0.9092341626291546,1,2,41676.0811,1
1.1238529423115788,0,-0.136672065799679,-0.9092341626291546,0,0,11286.5387,2
-1.155498765859011,1,0.3339596477182526,1.5801434662483465,0,3,3591.48,1
-1.2267285067393419,0,-0.04320165579785993,-0.9092341626291546,1,1,33907.548,1
0.7677042379099241,0,0.49794282316004035,2.409936009207514,0,3,11299.343,1
-1.5116474702606657,0,0.11258236087183891,2.409936009207514,0,0,4561.1885,1
0.8389339787902551,0,0.7045616242166927,0.7503509232891795,1,0,44641.1974,1
-1.2267285067393419,1,0.5094216454409656,-0.9092341626291546,0,2,1674.6323,1
0.9101637196705861,0,0.03469035253698949,-0.9092341626291546,0,0,23045.56616,1
-1.013039284098349,0,0.5454979440381587,-0.07944161966998751,0,2,3227.1211,1
-0.44320135705570163,0,-1.8970314541672704,0.7503509232891795,1,0,16776.30405,0
0.981393460550917,1,-0.33837137159307745,1.5801434662483465,0,3,11253.421,2
-0.7281203205770254,1,1.3572146624750074,-0.07944161966998751,0,2,3471.4096,1
1.3375421649525716,1,0.8882227807114945,-0.9092341626291546,0,2,11363.2832,1
-0.15828239353437792,1,-0.14159156106293222,-0.9092341626291546,0,3,20420.60465,2
1.052623201431248,0,0.09454421157324176,-0.9092341626291546,0,2,10338.9316,1
0.6964744970295933,0,-0.12109366413270876,-0.9092341626291546,0,1,8988.15875,2
0.7677042379099241,0,-0.7286513291445327,0.7503509232891795,0,1,10493.9458,2
-0.9418095432180181,1,-0.1087949259745748,-0.07944161966998751,0,3,2904.088,2
0.41155553350826957,1,-1.6912325689878265,1.5801434662483465,0,2,8605.3615,0
1.052623201431248,0,0.2683663775415366,-0.07944161966998751,0,0,11512.405,1
-0.08705265265404699,1,1.2670239159820247,1.5801434662483465,1,2,41949.2441,1
0.6252447561492623,0,-0.7893251040579937,1.5801434662483465,1,2,24180.9335,2
-0.7993500614573563,0,-0.7130729274775625,1.5801434662483465,0,1,5312.16985,2
-1.155498765859011,1,-1.0090625591499893,-0.9092341626291546,0,0,2396.0959,0
1.1238529423115788,1,0.3290401524549988,-0.07944161966998751,0,2,10807.4863,1
0.1266365699869458,1,-0.1678288691336183,3.2397285521666808,0,0,9222.4026,2
-1.013039284098349,1,0.43726904824657814,0.7503509232891795,1,2,36124.5737,1
-0.44320135705570163,1,0.8341083328157048,-0.07944161966998751,1,2,38282.7495,1
-0.6568905796966944,0,-1.756825839164542,1.5801434662483465,0,1,5693.4305,0
-1.155498765859011,0,0.12078151964392783,-0.9092341626291546,1,3,34166.273,1
0.48278527438860047,1,1.2309476173848315,0.7503509232891795,0,2,8347.1643,1
0.981393460550917,0,1.0161296575560892,1.5801434662483465,1,1,46661.4424,1
-0.8705798023376873,0,0.2839447792085074,-0.07944161966998751,0,0,18903.49141,1
-1.155498765859011,0,1.9819905609082191,-0.07944161966998751,1,0,40904.1995,1
1.6936908693542263,0,-0.9155921491481709,-0.9092341626291546,0,1,14254.6082,2
1.1238529423115788,1,-0.1251932435187538,-0.9092341626291546,0,3,10214.636,2
-0.30074187529503976,0,0.8521464821143013,0.7503509232891795,0,2,5836.5204,1
-0.3719716161753707,1,0.35035796526243046,-0.07944161966998751,0,3,14358.36437,1
-1.4404177293803346,0,-1.978203126010955,-0.9092341626291546,0,3,1728.897,0
-0.015822911773716055,0,-1.1140117914327337,3.2397285521666808,0,2,8582.3023,0
-0.8705798023376873,1,2.49853756354985,0.7503509232891795,0,3,3693.428,1
1.2663124240722408,1,1.5769521175670036,-0.9092341626291546,0,0,20709.02034,1
0.9101637196705861,0,-2.021658667503029,-0.9092341626291546,0,1,9991.03765,3
-0.7993500614573563,1,0.5176208042130545,-0.9092341626291546,0,1,19673.33573,1
0.7677042379099241,0,-0.41708329580513565,1.5801434662483465,0,1,11085.5868,2
0.3403257926279386,0,-0.9287108031835136,-0.07944161966998751,0,3,7623.518,0
-0.9418095432180181,0,-1.3829441991572655,-0.9092341626291546,0,1,3176.2877,0
-0.44320135705570163,1,-0.06779913211412786,-0.9092341626291546,0,2,3704.3545,1
-1.4404177293803346,0,0.299523180875477,-0.9092341626291546,1,1,36898.73308,1
0.7677042379099241,1,1.0505661243988647,-0.07944161966998751,0,2,9048.0273,1
0.1266365699869458,0,0.3175613301740736,1.5801434662483465,0,3,7954.517,1
0.9101637196705861,0,-0.951668447745364,-0.9092341626291546,0,2,27117.99378,0
-0.015822911773716055,1,0.2749257045592091,0.7503509232891795,0,2,6338.0756,1
0.7677042379099241,1,0.2683663775415366,0.7503509232891795,0,3,9630.397,1
0.9101637196705861,1,0.346258385876386,1.5801434662483465,0,1,11289.10925,1
1.4800016467132335,1,0.35035796526243046,-0.9092341626291546,1,3,52590.82939,1
-1.3691879885000038,0,0.20605277087365798,-0.9092341626291546,0,1,2261.5688,1
1.1238529423115788,1,-1.5026519172297708,-0.07944161966998751,0,3,10791.96,0
0.19786631086727674,1,0.5635360933367553,-0.9092341626291546,0,3,5979.731,1
-1.5116474702606657,0,-0.05878005746482958,-0.9092341626291546,0,0,2203.73595,1
1.3375421649525716,0,0.9538160508882093,-0.9092341626291546,0,1,12235.8392,1
0.2690960517476077,0,0.31100200315640225,1.5801434662483465,1,2,40941.2854,1
-0.30074187529503976,0,0.8447672392194207,-0.07944161966998751,0,1,5630.45785,1
0.6252447561492623,0,-0.4482400991390755,2.409936009207514,0,1,11015.1747,2
-0.22951213441470886,0,-1.3985226008242353,1.5801434662483465,0,0,7228.21565,0
-1.4404177293803346,1,2.3312747245992274,-0.9092341626291546,1,2,39722.7462,1
-1.155498765859011,0,-1.2271601824875673,0.7503509232891795,0,1,14426.07385,0
-1.3691879885000038,0,-0.012044852463920045,-0.9092341626291546,0,0,2459.7201,1
-0.5144310979360326,0,1.7114183214292695,-0.9092341626291546,0,3,3989.841,1
0.2690960517476077,0,0.6422480175488129,-0.07944161966998751,0,1,7727.2532,1
-0.3719716161753707,1,1.8803209921343111,0.7503509232891795,0,2,5124.1887,1
-0.6568905796966944,1,1.3391765131764108,-0.07944161966998751,0,2,18963.17192,1
-1.5116474702606657,0,-0.401504894138166,-0.9092341626291546,0,0,2200.83085,2
0.1266365699869458,0,-0.3859264924711963,-0.07944161966998751,0,1,7153.5539,2
-0.30074187529503976,0,-0.7442297308115023,-0.9092341626291546,0,0,5227.98875,2
1.2663124240722408,1,1.5917106033567638,-0.9092341626291546,0,2,10982.5013,1
-0.7281203205770254,0,-0.9943040733602284,0.7503509232891795,0,3,4529.477,0
-0.5144310979360326,1,0.743917586322722,0.7503509232891795,0,3,4670.64,1
-0.15828239353437792,0,0.5643560092139634,-0.07944161966998751,0,1,6112.35295,1
-1.5116474702606657,1,-0.5417105091408946,-0.07944161966998751,1,0,17178.6824,2
0.2690960517476077,0,-0.6499394049324745,0.7503509232891795,1,3,22478.6,2
1.1950826831919097,0,1.8442446935371168,-0.9092341626291546,0,2,11093.6229,1
-0.08705265265404699,1,-0.2301424758014975,0.7503509232891795,0,1,6457.8434,2
-0.7281203205770254,1,0.23720957420759728,0.7503509232891795,0,1,4433.9159,1
-1.2267285067393419,0,-0.584346134755759,-0.9092341626291546,0,3,2154.361,2
0.9101637196705861,0,-1.071376165817869,-0.07944161966998751,1,1,23887.6627,0
0.055406829106614874,0,-0.5351511821232232,-0.07944161966998751,0,3,6496.886,2
-1.155498765859011,0,0.688983222549723,-0.9092341626291546,0,0,2899.48935,1
-0.5856608388163635,1,-0.13995172930851468,-0.9092341626291546,1,2,19350.3689,2
0.19786631086727674,0,1.748314535903672,-0.07944161966998751,0,0,7650.77375,1
-1.08426902497868,0,-0.12109366413270876,-0.9092341626291546,0,1,2850.68375,2
-1.013039284098349,0,-0.059599973342038357,-0.9092341626291546,0,3,2632.992,1
0.6252447561492623,0,-0.5417105091408946,-0.07944161966998751,0,0,9447.3824,2
-1.155498765859011,0,-0.35640952089167455,-0.07944161966998751,1,2,18328.2381,2
0.41155553350826957,1,-1.1648465758196882,0.7503509232891795,0,0,8603.8234,0
-1.3691879885000038,1,0.8136104358854813,1.5801434662483465,1,1,37465.34375,1
1.6224611284738955,0,0.33067998420941636,-0.9092341626291546,0,1,13844.7972,1
0.2690960517476077,0,-0.884435345814231,-0.07944161966998751,1,0,21771.3423,2
-1.155498765859011,0,-0.4367612768581503,-0.9092341626291546,0,3,13126.67745,2
-0.5856608388163635,0,0.346258385876386,0.7503509232891795,0,1,5327.40025,1
0.1266365699869458,0,-1.460836207492115,-0.07944161966998751,0,0,13725.47184,0
1.3375421649525716,0,0.2839447792085074,-0.07944161966998751,0,0,13019.16105,1
0.6252447561492623,0,0.9693944525551802,-0.9092341626291546,0,1,8671.19125,1
-0.5856608388163635,0,-1.460836207492115,-0.9092341626291546,0,1,4134.08245,0
-1.4404177293803346,0,-0.4482400991390755,1.5801434662483465,0,1,18838.70366,2
-1.4404177293803346,0,-0.10551526246573911,-0.9092341626291546,1,1,33307.5508,1
0.1266365699869458,1,0.4733453468437713,-0.9092341626291546,0,2,5699.8375,1
0.055406829106614874,1,-0.21456407413452783,-0.07944161966998751,0,1,6393.60345,2
-0.5856608388163635,0,-0.7975242628300833,0.7503509232891795,0,3,4934.705,2
-0.15828239353437792,1,-1.0402193624839293,0.7503509232891795,0,1,6198.7518,0
0.48278527438860047,1,1.5925305192339732,0.7503509232891795,0,1,8733.22925,1
-1.2267285067393419,1,0.23720957420759728,-0.9092341626291546,0,1,2055.3249,1
0.8389339787902551,1,0.2683663775415366,-0.07944161966998751,0,0,9964.06,1
-1.5116474702606657,0,-0.5548291631762373,1.5801434662483465,1,2,18223.4512,2
-0.30074187529503976,1,-2.0995506758378784,-0.07944161966998751,0,1,5116.5004,3
1.4087719058329027,0,0.678324316146006,0.7503509232891795,0,3,36910.60803,1
-0.22951213441470886,1,0.44874787052750337,0.7503509232891795,1,3,38415.474,1
-0.15828239353437792,0,-0.8377001408133214,-0.07944161966998751,1,0,20296.86345,2
1.4087719058329027,1,1.0554856196621185,-0.07944161966998751,0,3,12347.172,1
-0.22951213441470886,1,0.03469035253698949,-0.07944161966998751,0,1,5373.36425,1
-0.015822911773716055,1,0.5635360933367553,0.7503509232891795,0,2,23563.01618,1
-1.5116474702606657,1,-1.5075714124930246,-0.9092341626291546,0,0,1702.4553,0
0.9101637196705861,0,0.43234955298332434,0.7503509232891795,0,3,10806.839,1
-0.8705798023376873,0,0.09700395920486868,-0.07944161966998751,0,1,3956.07145,1
-1.5116474702606657,1,1.3900112975633654,-0.9092341626291546,0,0,12890.05765,1
0.055406829106614874,1,-0.9155921491481709,-0.9092341626291546,0,2,5415.6612,2
-0.7281203205770254,1,1.0866424229960578,0.7503509232891795,0,2,4058.1161,1
0.48278527438860047,0,0.6455276810576491,-0.07944161966998751,1,3,41661.602,1
-0.08705265265404699,0,-0.07435845913179923,1.5801434662483465,0,1,7537.1639,1
-0.6568905796966944,0,-1.429679404158175,-0.07944161966998751,0,0,4718.20355,0
0.055406829106614874,1,-0.9336302984467674,0.7503509232891795,0,2,6593.5083,0
0.7677042379099241,1,-0.8795158505509771,-0.9092341626291546,0,2,8442.667,2
-1.3691879885000038,0,-1.0238210449397502,-0.9092341626291546,1,2,26125.67477,0
0.1266365699869458,1,-1.1025329691518084,-0.07944161966998751,0,0,6858.4796,0
-0.44320135705570163,0,1.501519856863781,-0.07944161966998751,0,2,4795.6568,1
-0.08705265265404699,1,-2.270913094174546,0.7503509232891795,0,0,6640.54485,3
0.19786631086727674,1,1.0686042736974612,0.7503509232891795,0,2,7162.0122,1
1.1950826831919097,1,0.6176505412325449,-0.9092341626291546,0,2,10594.2257,1
1.3375421649525716,1,-0.05878005746482958,-0.9092341626291546,0,0,11938.25595,1
0.9101637196705861,1,0.6266696158818432,1.5801434662483465,1,1,60021.39897,1
-1.3691879885000038,0,-1.4534569645972344,-0.9092341626291546,1,3,20167.33603,0
1.052623201431248,0,-0.9934841574830197,1.5801434662483465,0,1,12479.70895,0
1.3375421649525716,1,-1.2074822014345528,-0.9092341626291546,0,3,11345.519,0
0.41155553350826957,0,-0.4646384166832545,0.7503509232891795,0,2,8515.7587,2
-0.9418095432180181,1,0.06584715587092937,-0.9092341626291546,0,1,2699.56835,1
1.6936908693542263,0,-1.4764146091590846,-0.9092341626291546,0,0,14449.8544,0
1.3375421649525716,0,-0.401504894138166,-0.9092341626291546,0,1,12224.35085,2
-0.15828239353437792,1,-1.3050521908224169,1.5801434662483465,0,0,6985.50695,0
-1.013039284098349,0,1.8803209921343111,-0.07944161966998751,0,2,3238.4357,1
0.9101637196705861,1,1.8262065442385202,0.7503509232891795,1,2,47269.854,1
1.7649206102345572,1,1.032527975100268,0.7503509232891795,1,2,49577.6624,1
-1.2267285067393419,0,-1.538728215826964,1.5801434662483465,0,1,4296.2712,0
-0.7993500614573563,0,0.40119274964938506,-0.9092341626291546,0,2,3171.6149,1
-1.5116474702606657,1,0.43726904824657814,-0.9092341626291546,0,2,1135.9407,1
-0.7993500614573563,1,-1.043499025992765,3.2397285521666808,0,3,5615.369,0
0.41155553350826957,0,-0.8139225803742622,1.5801434662483465,0,3,9101.798,2
-0.44320135705570163,1,-0.20718483123964768,2.409936009207514,0,3,6059.173,2
-1.5116474702606657,0,1.501519856863781,-0.9092341626291546,0,2,1633.9618,1
-0.5144310979360326,1,0.4864640008791152,-0.07944161966998751,1,0,37607.5277,1
-1.08426902497868,1,-0.136672065799679,-0.9092341626291546,1,0,18648.4217,2
-1.4404177293803346,1,-1.78142331548081,-0.9092341626291546,0,3,1241.565,0
-1.3691879885000038,1,-0.5515494996674016,-0.9092341626291546,1,3,16232.847,2
0.055406829106614874,0,-0.22358314878382612,2.409936009207514,0,3,15828.82173,2
-0.3719716161753707,0,-0.48267656598185105,-0.9092341626291546,0,2,4415.1588,2
0.19786631086727674,0,1.1866721600155483,-0.9092341626291546,0,3,6474.013,1
0.8389339787902551,0,0.9382376492212398,1.5801434662483465,0,1,11436.73815,1
1.052623201431248,0,-0.49497530413998503,-0.07944161966998751,0,1,11305.93455,2
1.1238529423115788,1,1.1563352725588183,1.5801434662483465,0,1,30063.58055,1
0.9101637196705861,0,-1.2271601824875673,-0.9092341626291546,0,0,10197.7722,0
-0.5144310979360326,0,-1.6633554291627228,-0.9092341626291546,0,0,4544.2348,0
-0.7993500614573563,1,1.0554856196621185,-0.07944161966998751,0,3,3277.161,1
0.1266365699869458,0,-0.4285621180860608,-0.07944161966998751,0,2,6770.1925,2
0.2690960517476077,0,-0.1251932435187538,-0.07944161966998751,0,3,7337.748,2
0.6964744970295933,0,0.43972879587820507,0.7503509232891795,0,0,10370.91255,1
1.7649206102345572,1,-1.1320499407313303,-0.9092341626291546,1,2,26926.5144,0
1.1238529423115788,0,-0.02680333825368092,-0.9092341626291546,0,3,10704.47,1
-1.08426902497868,1,0.06584715587092937,-0.9092341626291546,1,0,34254.05335,1
-1.3691879885000038,0,0.43234955298332434,-0.9092341626291546,0,3,1880.487,1
0.41155553350826957,1,-0.5187528645790442,1.5801434662483465,0,3,8615.3,2
-0.9418095432180181,1,0.5331992058800241,-0.07944161966998751,0,1,3292.52985,1
-1.013039284098349,0,0.6266696158818432,-0.9092341626291546,0,1,3021.80915,1
0.2690960517476077,1,-0.8434395519537841,3.2397285521666808,0,2,14478.33015,2
-0.30074187529503976,1,-0.5007147152804476,-0.07944161966998751,0,2,4747.0529,2
-0.9418095432180181,1,-0.5909054617734311,-0.9092341626291546,1,2,17043.3414,2
1.2663124240722408,1,-1.1418889312578377,-0.9092341626291546,0,3,10959.33,0
-1.2267285067393419,0,-0.04320165579785993,-0.9092341626291546,0,0,2741.948,1
-0.5144310979360326,0,-0.15225046746664864,-0.9092341626291546,0,1,4357.04365,2
-0.015822911773716055,1,-0.12109366413270876,-0.07944161966998751,1,0,22462.04375,2
-1.013039284098349,0,-0.6351809191427137,0.7503509232891795,0,1,4189.1131,2
0.6252447561492623,0,0.43726904824657814,-0.9092341626291546,0,2,8283.6807,1
0.5540150152689314,0,-0.49497530413998503,0.7503509232891795,1,1,24535.69855,2
-1.5116474702606657,0,-1.4764146091590846,-0.9092341626291546,1,0,14283.4594,0
-1.5116474702606657,1,-0.10387543071132098,-0.07944161966998751,0,2,1720.3537,1
1.5512313875935644,1,0.9242990793086876,-0.07944161966998751,1,3,47403.88,1
0.5540150152689314,0,-1.0402193624839293,-0.9092341626291546,0,0,8534.6718,0
-0.7993500614573563,0,-2.1930210858396975,-0.9092341626291546,0,0,3732.6251,3
-0.22951213441470886,0,-0.7811259452859048,-0.07944161966998751,0,3,5472.449,2
-1.3691879885000038,1,1.43264692317823,0.7503509232891795,1,3,38344.566,1
0.3403257926279386,1,0.5996123919339483,-0.07944161966998751,0,2,7147.4728,1
-0.08705265265404699,0,-1.756825839164542,0.7503509232891795,0,0,7133.9025,0
-1.4404177293803346,1,0.6947226336901849,-0.9092341626291546,1,3,34828.654,1
-1.297958247619673,1,-1.2222406872243134,-0.9092341626291546,0,2,1515.3449,0
0.48278527438860047,1,-0.8065433374793816,1.5801434662483465,0,1,9301.89355,2
1.3375421649525716,1,-0.9000137474812007,-0.9092341626291546,0,0,11931.12525,2
-1.3691879885000038,1,-1.4206603295088769,-0.07944161966998751,0,3,1964.78,0
-1.5116474702606657,1,-0.7442297308115023,-0.9092341626291546,0,0,1708.92575,2
-0.7993500614573563,0,-0.6810962082664138,0.7503509232891795,0,2,4340.4409,2
-0.44320135705570163,1,-0.5261321074739249,0.7503509232891795,0,1,5261.46945,2
-1.4404177293803346,0,-0.8065433374793816,-0.07944161966998751,0,1,2710.82855,2
0.41155553350826957,1,-0.0497609828155313,-0.9092341626291546,1,2,62592.87309,1
1.6224611284738955,1,0.03469035253698949,1.5801434662483465,1,1,46718.16325,1
-1.013039284098349,0,-1.6174401400390221,-0.07944161966998751,0,3,3208.787,0
0.2690960517476077,1,-0.46955791194650776,-0.9092341626291546,1,3,37829.7242,2
0.19786631086727674,1,-0.9934841574830197,0.7503509232891795,1,0,21259.37795,0
-1.08426902497868,0,-0.48267656598185105,-0.9092341626291546,0,2,2464.6188,2
-0.7281203205770254,0,-1.4452578058251448,-0.9092341626291546,1,0,16115.3045,0
-0.5144310979360326,1,-0.41708329580513565,2.409936009207514,1,1,21472.4788,2
-1.013039284098349,0,-0.07599829088621736,-0.9092341626291546,1,3,33900.653,1
0.1266365699869458,1,0.2519680599973587,0.7503509232891795,0,3,6875.961,1
0.19786631086727674,1,-0.7130729274775625,-0.07944161966998751,0,1,6940.90985,2
-0.44320135705570163,0,-0.6507593208096832,-0.9092341626291546,0,1,4571.41305,2
-0.3719716161753707,1,2.006588037224487,-0.07944161966998751,0,3,4536.259,1
-1.4404177293803346,0,0.6619259986018281,0.7503509232891795,1,3,36397.576,1
-0.6568905796966944,0,-1.149268174152718,1.5801434662483465,1,1,18765.87545,0
-1.5116474702606657,1,-0.3859264924711963,-0.07944161966998751,0,0,11272.33139,2
-1.4404177293803346,0,-1.6502367751273794,-0.9092341626291546,0,3,1731.677,0
-1.5116474702606657,1,3.6841359219939767,-0.9092341626291546,0,2,1163.4627,1
-0.30074187529503976,1,1.4834817075651845,2.409936009207514,0,0,19496.71917,1
-0.015822911773716055,0,-0.7130729274775625,0.7503509232891795,0,1,7201.70085,2
-0.5856608388163635,1,0.06584715587092937,1.5801434662483465,0,1,5425.02335,1
1.6224611284738955,1,-0.6507593208096832,-0.9092341626291546,1,0,28101.33305,2
1.6224611284738955,1,1.3391765131764108,-0.9092341626291546,0,2,12981.3457,1
0.19786631086727674,0,1.5917106033567638,0.7503509232891795,1,2,43896.3763,1
-0.5856608388163635,1,-0.7753865341454422,-0.07944161966998751,0,1,4239.89265,2
1.5512313875935644,1,0.47088559921214435,-0.9092341626291546,0,0,13143.33665,1
0.19786631086727674,0,0.36183678754335563,-0.9092341626291546,0,0,7050.0213,1
0.8389339787902551,1,-0.10387543071132098,-0.07944161966998751,0,2,9377.9047,1
-1.155498765859011,0,-1.0557977641508989,0.7503509232891795,0,0,22395.74424,0
0.9101637196705861,1,1.3014603828248001,0.7503509232891795,0,3,10325.206,1
1.2663124240722408,0,-0.8073632533565909,0.7503509232891795,0,2,12629.1656,2
-1.155498765859011,0,0.44874787052750337,-0.9092341626291546,0,3,10795.93733,1
0.9101637196705861,0,2.3017577530197055,1.5801434662483465,0,3,11411.685,1
0.7677042379099241,1,0.05026875420395914,1.5801434662483465,0,1,10600.5483,1
-1.5116474702606657,0,0.20605277087365798,-0.9092341626291546,0,0,2205.9808,1
-1.5116474702606657,0,1.0144898258016715,-0.9092341626291546,0,2,1629.8335,1
-1.297958247619673,0,-0.7975242628300833,-0.9092341626291546,0,3,2007.945,2
1.5512313875935644,0,-0.2612992791354374,-0.9092341626291546,1,1,29141.3603,2
